Title,Brand,Rating,Reviews,Selling Price,Image URL,Product URL,Rated
Fuzzbuzz Monkey Plush Toy 70cm Multicolour 3Y+,fuzzbuzz,,,1169.0,https://m.media-amazon.com/images/I/71xDszfvvJL._SY450_.jpg,https://www.amazon.in/sspa/click?ie=UTF8&spc=MTo0OTk5MjM3NDY4NTQ2NTQxOjE3NDczNDQwMzE6c3BfYXRmOjMwMDUxMjk0ODgyNTczMjo6MDo6&url=%2FFuzzbuzz-Monkey-Plush-70cm-Multicolour%2Fdp%2FB0B6HVSP4M%2Fref%3Dsr_1_1_sspa%3Fdib%3DeyJ2IjoiMSJ9.E9CWjvtn4K69fr4fYGkVaFpUoQS3CIuUaV1cfVSBQWavj1CWJV9SgJeOXLA881FYXykqWwDVVIreGftlwtWSFxvvLq-ZJFcK7ifqUEifohrIkIffo7p9bwHKm3sJU5mQW6x14xIeY-duhTAe9Utfjhb-JI-kEwMCEQMT0yp-xVmIQR_upVG5aUyYeoppk03fzDciCzlLS0BajBVw8Xe8niEslnL8BTaz3n6Pod1bD24b_l9TnoGDFe6YW4QadHSP8BzhNYgnzn1KwnpPSITghJOBXcIzVcVvWDKu9VGL0W4.CJuLAJ9cLvdiCyIZWplRtUgloz3Iewj5GG_uMhVe1Tk%26dib_tag%3Dse%26keywords%3Dsoft%2Btoys%26qid%3D1747344031%26sr%3D8-1-spons%26sp_csd%3Dd2lkZ2V0TmFtZT1zcF9hdGY%26psc%3D1,False
"LOVEY DOVEY Soft Toys Long Soft Lovable Huggable Cute Giant Life Size Teddy Bear (Brown, Bull_Dog_55cm)",lovey dovey,,,699.0,https://m.media-amazon.com/images/I/71vDWyvS6wS._SX450_.jpg,https://www.amazon.in/sspa/click?ie=UTF8&spc=MTo0OTk5MjM3NDY4NTQ2NTQxOjE3NDczNDQwMzE6c3BfYXRmOjMwMDU2MDEyNzEwNzgzMjo6MDo6&url=%2FLOVEY-DOVEY-Lovable-Huggable-Bull_Dog_55cm%2Fdp%2FB09MW2N5HB%2Fref%3Dsr_1_2_sspa%3Fdib%3DeyJ2IjoiMSJ9.E9CWjvtn4K69fr4fYGkVaFpUoQS3CIuUaV1cfVSBQWavj1CWJV9SgJeOXLA881FYXykqWwDVVIreGftlwtWSFxvvLq-ZJFcK7ifqUEifohrIkIffo7p9bwHKm3sJU5mQW6x14xIeY-duhTAe9Utfjhb-JI-kEwMCEQMT0yp-xVmIQR_upVG5aUyYeoppk03fzDciCzlLS0BajBVw8Xe8niEslnL8BTaz3n6Pod1bD24b_l9TnoGDFe6YW4QadHSP8BzhNYgnzn1KwnpPSITghJOBXcIzVcVvWDKu9VGL0W4.CJuLAJ9cLvdiCyIZWplRtUgloz3Iewj5GG_uMhVe1Tk%26dib_tag%3Dse%26keywords%3Dsoft%2Btoys%26qid%3D1747344031%26sr%3D8-2-spons%26sp_csd%3Dd2lkZ2V0TmFtZT1zcF9hdGY%26psc%3D1,False
"Fuzzbuzz Strawberry Bunny – Soft & Huggable Plush Toy for Kids, Multicolor, 3Y+",fuzzbuzz,,,899.0,https://m.media-amazon.com/images/I/71H3fgBaEdL._SY450_.jpg,https://www.amazon.in/sspa/click?ie=UTF8&spc=MTo0OTk5MjM3NDY4NTQ2NTQxOjE3NDczNDQwMzE6c3BfYXRmOjMwMDU1NzM4OTAxMDkzMjo6MDo6&url=%2FFuzzbuzz-Strawberry-Bunny-Huggable-Multicolor%2Fdp%2FB0DPQY6S48%2Fref%3Dsr_1_3_sspa%3Fdib%3DeyJ2IjoiMSJ9.E9CWjvtn4K69fr4fYGkVaFpUoQS3CIuUaV1cfVSBQWavj1CWJV9SgJeOXLA881FYXykqWwDVVIreGftlwtWSFxvvLq-ZJFcK7ifqUEifohrIkIffo7p9bwHKm3sJU5mQW6x14xIeY-duhTAe9Utfjhb-JI-kEwMCEQMT0yp-xVmIQR_upVG5aUyYeoppk03fzDciCzlLS0BajBVw8Xe8niEslnL8BTaz3n6Pod1bD24b_l9TnoGDFe6YW4QadHSP8BzhNYgnzn1KwnpPSITghJOBXcIzVcVvWDKu9VGL0W4.CJuLAJ9cLvdiCyIZWplRtUgloz3Iewj5GG_uMhVe1Tk%26dib_tag%3Dse%26keywords%3Dsoft%2Btoys%26qid%3D1747344031%26sr%3D8-3-spons%26sp_csd%3Dd2lkZ2V0TmFtZT1zcF9hdGY%26psc%3D1,False
Hamleys Pugs at Play Peanut Walking Talking Dog Soft Toy | Interactive Animal Soft Toys for Age 3Y+ | Birthday Gift for Kids | Stuffed Puppy Plush Animal Toy | Battery Operated Soft Toys | Assorted,hamleys,2.9,3.0,1169.0,https://m.media-amazon.com/images/I/61Uo2YKILBL._SY450_.jpg,https://www.amazon.in/sspa/click?ie=UTF8&spc=MTo0OTk5MjM3NDY4NTQ2NTQxOjE3NDczNDQwMzE6c3BfYXRmOjMwMDU1NzM4OTAwOTkzMjo6MDo6&url=%2FHamleys-Pugs-Peanut-Walking-Multicolour%2Fdp%2FB0BLSS4C56%2Fref%3Dsr_1_4_sspa%3Fdib%3DeyJ2IjoiMSJ9.E9CWjvtn4K69fr4fYGkVaFpUoQS3CIuUaV1cfVSBQWavj1CWJV9SgJeOXLA881FYXykqWwDVVIreGftlwtWSFxvvLq-ZJFcK7ifqUEifohrIkIffo7p9bwHKm3sJU5mQW6x14xIeY-duhTAe9Utfjhb-JI-kEwMCEQMT0yp-xVmIQR_upVG5aUyYeoppk03fzDciCzlLS0BajBVw8Xe8niEslnL8BTaz3n6Pod1bD24b_l9TnoGDFe6YW4QadHSP8BzhNYgnzn1KwnpPSITghJOBXcIzVcVvWDKu9VGL0W4.CJuLAJ9cLvdiCyIZWplRtUgloz3Iewj5GG_uMhVe1Tk%26dib_tag%3Dse%26keywords%3Dsoft%2Btoys%26qid%3D1747344031%26sr%3D8-4-spons%26sp_csd%3Dd2lkZ2V0TmFtZT1zcF9hdGY%26psc%3D1,True
"Storescent Baby Plushies, Blue Lovable Huggable Soft Toy, Hooded Plush Teddy Bear, Elegant Soft Plush Toy for Babies, Great Birthday Gift for Girls - 35cm",storescent,4.1,1539.0,485.0,https://m.media-amazon.com/images/I/612-NnCMoQL._SY450_.jpg,https://www.amazon.in/sspa/click?ie=UTF8&spc=MTo0OTk5MjM3NDY4NTQ2NTQxOjE3NDczNDQwMzE6c3BfbXRmOjMwMDQ3MTcxMTg4MDEzMjo6MDo6&url=%2FStorescent-Plushies-Lovable-Huggable-Birthday%2Fdp%2FB0DRJ1YXSX%2Fref%3Dsr_1_21_sspa%3Fdib%3DeyJ2IjoiMSJ9.E9CWjvtn4K69fr4fYGkVaFpUoQS3CIuUaV1cfVSBQWavj1CWJV9SgJeOXLA881FYXykqWwDVVIreGftlwtWSFxvvLq-ZJFcK7ifqUEifohrIkIffo7p9bwHKm3sJU5mQW6x14xIeY-duhTAe9Utfjhb-JI-kEwMCEQMT0yp-xVmIQR_upVG5aUyYeoppk03fzDciCzlLS0BajBVw8Xe8niEslnL8BTaz3n6Pod1bD24b_l9TnoGDFe6YW4QadHSP8BzhNYgnzn1KwnpPSITghJOBXcIzVcVvWDKu9VGL0W4.CJuLAJ9cLvdiCyIZWplRtUgloz3Iewj5GG_uMhVe1Tk%26dib_tag%3Dse%26keywords%3Dsoft%2Btoys%26qid%3D1747344031%26sr%3D8-21-spons%26sp_csd%3Dd2lkZ2V0TmFtZT1zcF9tdGY%26psc%3D1,True
Storio Toy Cute Cow Plushie Soft Toys for Kids | Plush Soft Toys for Baby Boys and Girls | Animal Soft Toy for Kids -27 cm,storio,4.4,259.0,199.0,https://m.media-amazon.com/images/I/61DJpNH8TGL._SY450_.jpg,https://www.amazon.in/sspa/click?ie=UTF8&spc=MTo0OTk5MjM3NDY4NTQ2NTQxOjE3NDczNDQwMzE6c3BfbXRmOjMwMDA2NzAxMjI3ODEzMjo6MDo6&url=%2FStorio-Baby-Toys-Play-Kit%2Fdp%2FB09CTQ7P15%2Fref%3Dsr_1_22_sspa%3Fdib%3DeyJ2IjoiMSJ9.E9CWjvtn4K69fr4fYGkVaFpUoQS3CIuUaV1cfVSBQWavj1CWJV9SgJeOXLA881FYXykqWwDVVIreGftlwtWSFxvvLq-ZJFcK7ifqUEifohrIkIffo7p9bwHKm3sJU5mQW6x14xIeY-duhTAe9Utfjhb-JI-kEwMCEQMT0yp-xVmIQR_upVG5aUyYeoppk03fzDciCzlLS0BajBVw8Xe8niEslnL8BTaz3n6Pod1bD24b_l9TnoGDFe6YW4QadHSP8BzhNYgnzn1KwnpPSITghJOBXcIzVcVvWDKu9VGL0W4.CJuLAJ9cLvdiCyIZWplRtUgloz3Iewj5GG_uMhVe1Tk%26dib_tag%3Dse%26keywords%3Dsoft%2Btoys%26qid%3D1747344031%26sr%3D8-22-spons%26sp_csd%3Dd2lkZ2V0TmFtZT1zcF9tdGY%26psc%3D1,True
Maska 5Ft Real Giant Red Teddy Bear Gift for Girls,maska,3.9,21.0,1099.0,https://m.media-amazon.com/images/I/51JP6Fi5n7L._SY450_.jpg,https://www.amazon.in/sspa/click?ie=UTF8&spc=MTo0OTk5MjM3NDY4NTQ2NTQxOjE3NDczNDQwMzE6c3BfbXRmOjMwMDQyNjE4MTA3MTIzMjo6MDo6&url=%2FMaska-Real-Giant-Teddy-Girls%2Fdp%2FB0BMSBJFG3%2Fref%3Dsr_1_23_sspa%3Fdib%3DeyJ2IjoiMSJ9.E9CWjvtn4K69fr4fYGkVaFpUoQS3CIuUaV1cfVSBQWavj1CWJV9SgJeOXLA881FYXykqWwDVVIreGftlwtWSFxvvLq-ZJFcK7ifqUEifohrIkIffo7p9bwHKm3sJU5mQW6x14xIeY-duhTAe9Utfjhb-JI-kEwMCEQMT0yp-xVmIQR_upVG5aUyYeoppk03fzDciCzlLS0BajBVw8Xe8niEslnL8BTaz3n6Pod1bD24b_l9TnoGDFe6YW4QadHSP8BzhNYgnzn1KwnpPSITghJOBXcIzVcVvWDKu9VGL0W4.CJuLAJ9cLvdiCyIZWplRtUgloz3Iewj5GG_uMhVe1Tk%26dib_tag%3Dse%26keywords%3Dsoft%2Btoys%26qid%3D1747344031%26sr%3D8-23-spons%26sp_csd%3Dd2lkZ2V0TmFtZT1zcF9tdGY%26psc%3D1,True
LOVEY DOVEY Soft Toys Long Soft Lovable Huggable Cute Giant Life Size Teddy Bear easly Washable 100% Child Safe Best Gift for Birthday Gift Valentine Gift for Girlfriend 6 FEET Pink,lovey dovey,3.8,922.0,2199.0,https://m.media-amazon.com/images/I/619s8Q+jcNL._SY450_.jpg,https://www.amazon.in/sspa/click?ie=UTF8&spc=MTo0OTk5MjM3NDY4NTQ2NTQxOjE3NDczNDQwMzE6c3BfbXRmOjMwMDUyODE4NTA1MDMzMjo6MDo6&url=%2FLOVEY-DOVEY-Huggable-Valentine-Girlfriend%2Fdp%2FB09MWG25DW%2Fref%3Dsr_1_24_sspa%3Fdib%3DeyJ2IjoiMSJ9.E9CWjvtn4K69fr4fYGkVaFpUoQS3CIuUaV1cfVSBQWavj1CWJV9SgJeOXLA881FYXykqWwDVVIreGftlwtWSFxvvLq-ZJFcK7ifqUEifohrIkIffo7p9bwHKm3sJU5mQW6x14xIeY-duhTAe9Utfjhb-JI-kEwMCEQMT0yp-xVmIQR_upVG5aUyYeoppk03fzDciCzlLS0BajBVw8Xe8niEslnL8BTaz3n6Pod1bD24b_l9TnoGDFe6YW4QadHSP8BzhNYgnzn1KwnpPSITghJOBXcIzVcVvWDKu9VGL0W4.CJuLAJ9cLvdiCyIZWplRtUgloz3Iewj5GG_uMhVe1Tk%26dib_tag%3Dse%26keywords%3Dsoft%2Btoys%26qid%3D1747344031%26sr%3D8-24-spons%26sp_csd%3Dd2lkZ2V0TmFtZT1zcF9tdGY%26psc%3D1%26smid%3DA19B00HGTEVUGE,True
Storio Toy Super Cute Plushie Soft Toys for Kids | Plush Soft Toys for Baby Boys and Girls Kids -Reversible Rabbit | Best Valentine Gift,storio,4.2,1695.0,297.0,https://m.media-amazon.com/images/I/51XjmK41FjL._SY450_.jpg,https://www.amazon.in/sspa/click?ie=UTF8&spc=MTo0OTk5MjM3NDY4NTQ2NTQxOjE3NDczNDQwMzE6c3BfYnRmOjMwMDUzNTkyNjU0MTEzMjo6MDo6&url=%2FStorio-Plushie-Reversible-Rabbit-Valentine%2Fdp%2FB0CQG947NZ%2Fref%3Dsr_1_57_sspa%3Fdib%3DeyJ2IjoiMSJ9.E9CWjvtn4K69fr4fYGkVaFpUoQS3CIuUaV1cfVSBQWavj1CWJV9SgJeOXLA881FYXykqWwDVVIreGftlwtWSFxvvLq-ZJFcK7ifqUEifohrIkIffo7p9bwHKm3sJU5mQW6x14xIeY-duhTAe9Utfjhb-JI-kEwMCEQMT0yp-xVmIQR_upVG5aUyYeoppk03fzDciCzlLS0BajBVw8Xe8niEslnL8BTaz3n6Pod1bD24b_l9TnoGDFe6YW4QadHSP8BzhNYgnzn1KwnpPSITghJOBXcIzVcVvWDKu9VGL0W4.CJuLAJ9cLvdiCyIZWplRtUgloz3Iewj5GG_uMhVe1Tk%26dib_tag%3Dse%26keywords%3Dsoft%2Btoys%26qid%3D1747344031%26sr%3D8-57-spons%26sp_csd%3Dd2lkZ2V0TmFtZT1zcF9idGY%26psc%3D1,True
"Vihaan Toys Rainbow Plush Doll with Fluffy Hair, Colourful Outfit, Decorative Soft Toy for Size 35 CM",generic,,,499.0,https://m.media-amazon.com/images/I/71OSglHjR3L._SY450_.jpg,https://www.amazon.in/sspa/click?ie=UTF8&spc=MTo0OTk5MjM3NDY4NTQ2NTQxOjE3NDczNDQwMzE6c3BfYnRmOjMwMDUyNzAxOTYwOTIzMjo6MDo6&url=%2FVihaan-Rainbow-Fluffy-Colourful-Decorative%2Fdp%2FB0F3D9L3BV%2Fref%3Dsr_1_58_sspa%3Fdib%3DeyJ2IjoiMSJ9.E9CWjvtn4K69fr4fYGkVaFpUoQS3CIuUaV1cfVSBQWavj1CWJV9SgJeOXLA881FYXykqWwDVVIreGftlwtWSFxvvLq-ZJFcK7ifqUEifohrIkIffo7p9bwHKm3sJU5mQW6x14xIeY-duhTAe9Utfjhb-JI-kEwMCEQMT0yp-xVmIQR_upVG5aUyYeoppk03fzDciCzlLS0BajBVw8Xe8niEslnL8BTaz3n6Pod1bD24b_l9TnoGDFe6YW4QadHSP8BzhNYgnzn1KwnpPSITghJOBXcIzVcVvWDKu9VGL0W4.CJuLAJ9cLvdiCyIZWplRtUgloz3Iewj5GG_uMhVe1Tk%26dib_tag%3Dse%26keywords%3Dsoft%2Btoys%26qid%3D1747344031%26sr%3D8-58-spons%26sp_csd%3Dd2lkZ2V0TmFtZT1zcF9idGY%26psc%3D1,False
Merishopp Lovely Plush Doll Adorable Soft Stuffed Animal Toy for Collection Car Office 9Pcs,merishopp,,,23607.0,https://m.media-amazon.com/images/I/713Rj0X2LDL._SX679_.jpg,https://www.amazon.in/sspa/click?ie=UTF8&spc=MTo0OTk5MjM3NDY4NTQ2NTQxOjE3NDczNDQwMzE6c3BfYnRmOjMwMDU2MDM2NzQ2ODkzMjo6MDo6&url=%2FMerishopp-Lovely-Adorable-Stuffed-Collection%2Fdp%2FB0DXVN1T7G%2Fref%3Dsr_1_59_sspa%3Fdib%3DeyJ2IjoiMSJ9.E9CWjvtn4K69fr4fYGkVaFpUoQS3CIuUaV1cfVSBQWavj1CWJV9SgJeOXLA881FYXykqWwDVVIreGftlwtWSFxvvLq-ZJFcK7ifqUEifohrIkIffo7p9bwHKm3sJU5mQW6x14xIeY-duhTAe9Utfjhb-JI-kEwMCEQMT0yp-xVmIQR_upVG5aUyYeoppk03fzDciCzlLS0BajBVw8Xe8niEslnL8BTaz3n6Pod1bD24b_l9TnoGDFe6YW4QadHSP8BzhNYgnzn1KwnpPSITghJOBXcIzVcVvWDKu9VGL0W4.CJuLAJ9cLvdiCyIZWplRtUgloz3Iewj5GG_uMhVe1Tk%26dib_tag%3Dse%26keywords%3Dsoft%2Btoys%26qid%3D1747344031%26sr%3D8-59-spons%26sp_csd%3Dd2lkZ2V0TmFtZT1zcF9idGY%26psc%3D1,False
FuzzBuzz Premium Bear Soft Toy | Teddy Bear Plush Toy | Bears for All Age | Cuddly Bear | Beige 40 cm,fuzzbuzz,,,1111.0,https://m.media-amazon.com/images/I/71gxsilJjWL._SY450_.jpg,https://www.amazon.in/sspa/click?ie=UTF8&spc=MTo0OTk5MjM3NDY4NTQ2NTQxOjE3NDczNDQwMzE6c3BfYnRmOjMwMDU1NzU0MTcyNjYzMjo6MDo6&url=%2FFuzzBuzz-Prem-Bear-Beige-40%2Fdp%2FB0B6HWZPHB%2Fref%3Dsr_1_60_sspa%3Fdib%3DeyJ2IjoiMSJ9.E9CWjvtn4K69fr4fYGkVaFpUoQS3CIuUaV1cfVSBQWavj1CWJV9SgJeOXLA881FYXykqWwDVVIreGftlwtWSFxvvLq-ZJFcK7ifqUEifohrIkIffo7p9bwHKm3sJU5mQW6x14xIeY-duhTAe9Utfjhb-JI-kEwMCEQMT0yp-xVmIQR_upVG5aUyYeoppk03fzDciCzlLS0BajBVw8Xe8niEslnL8BTaz3n6Pod1bD24b_l9TnoGDFe6YW4QadHSP8BzhNYgnzn1KwnpPSITghJOBXcIzVcVvWDKu9VGL0W4.CJuLAJ9cLvdiCyIZWplRtUgloz3Iewj5GG_uMhVe1Tk%26dib_tag%3Dse%26keywords%3Dsoft%2Btoys%26qid%3D1747344031%26sr%3D8-60-spons%26sp_csd%3Dd2lkZ2V0TmFtZT1zcF9idGY%26psc%3D1,False
"Meera Avocado Plush Adorable, Soft, and Ready to Cuddle",generic,,,3499.0,https://m.media-amazon.com/images/I/51QwvGkv2aL._SY450_.jpg,https://www.amazon.in/sspa/click?ie=UTF8&spc=MTo2MTEyMTY1OTg0MDA2MTkxOjE3NDczNDQxMDU6c3BfYXRmX25leHQ6MzAwMTUzODQyNDc5MzMyOjowOjo&url=%2FMeera-Avocado-Plush-Adorable-Cuddle%2Fdp%2FB0CY8NMW4G%2Fref%3Dsr_1_50_sspa%3Fdib%3DeyJ2IjoiMSJ9.sPbxmIGOLf92vqIEU9W98ZFEQr7BHbS3cTY-v25UXvP_I6V4j4YA5zwEpXuth_DVpFPh2lBOVergnMZ_ddI2Gl82sMQl8gcAR_9Fv1hqYjQGdrJP-FhQnFW7sNEgp2UVQCkdzy_XFjst01uy8oYi-6wVZ73XFiU212KLDmRubQPrder5urTNKPa2aAWJSUpQ5LkBIkaJOIL3IByDpCq0tvlc7ms4cgqpg7dfFiyTuYaA4mNsuKNmAv-t6ip-SPJ3NfLUY9uTEeqzbRXQ_TNGDwqct0RI_XbotZDBpzehdmQ.oFRR6apVU6KiT2kUZXV2Q0xzihu48DFp9DmNSoVFIV4%26dib_tag%3Dse%26keywords%3Dsoft%2Btoys%26qid%3D1747344105%26sr%3D8-50-spons%26sp_csd%3Dd2lkZ2V0TmFtZT1zcF9hdGZfbmV4dA%26psc%3D1,False
Fashion My Day Lovely Plush Doll Decoration Soft Pendant Cute Toy for Car Living Room Girls 9pc,fashionmyday,,,23602.0,https://m.media-amazon.com/images/I/71E7C8h+BzL._SY450_.jpg,https://www.amazon.in/sspa/click?ie=UTF8&spc=MTo2MTEyMTY1OTg0MDA2MTkxOjE3NDczNDQxMDU6c3BfYXRmX25leHQ6MzAwNTYwMzY3NDY5NTMyOjowOjo&url=%2FFashion-Lovely-Decoration-Pendant-Living%2Fdp%2FB0DPZSHX2N%2Fref%3Dsr_1_51_sspa%3Fdib%3DeyJ2IjoiMSJ9.sPbxmIGOLf92vqIEU9W98ZFEQr7BHbS3cTY-v25UXvP_I6V4j4YA5zwEpXuth_DVpFPh2lBOVergnMZ_ddI2Gl82sMQl8gcAR_9Fv1hqYjQGdrJP-FhQnFW7sNEgp2UVQCkdzy_XFjst01uy8oYi-6wVZ73XFiU212KLDmRubQPrder5urTNKPa2aAWJSUpQ5LkBIkaJOIL3IByDpCq0tvlc7ms4cgqpg7dfFiyTuYaA4mNsuKNmAv-t6ip-SPJ3NfLUY9uTEeqzbRXQ_TNGDwqct0RI_XbotZDBpzehdmQ.oFRR6apVU6KiT2kUZXV2Q0xzihu48DFp9DmNSoVFIV4%26dib_tag%3Dse%26keywords%3Dsoft%2Btoys%26qid%3D1747344105%26sr%3D8-51-spons%26sp_csd%3Dd2lkZ2V0TmFtZT1zcF9hdGZfbmV4dA%26psc%3D1,False
Fashion My Day 6 Pieces Plush Doll Decorative Soft Stuffed Animal Toy for Kids Adults Teens Baby | Toys for Baby | Plush Baby Toys | 6 Animal Dolls,fashionmyday,,,20442.0,https://m.media-amazon.com/images/I/71BNCYeDzDL._SY450_.jpg,https://www.amazon.in/sspa/click?ie=UTF8&spc=MTo2MTEyMTY1OTg0MDA2MTkxOjE3NDczNDQxMDU6c3BfbXRmOjMwMDU2MDM2NzQ1OTIzMjo6MDo6&url=%2FFashion-Pieces-Decorative-Stuffed-Animal%2Fdp%2FB0F2FCTH8R%2Fref%3Dsr_1_69_sspa%3Fdib%3DeyJ2IjoiMSJ9.sPbxmIGOLf92vqIEU9W98ZFEQr7BHbS3cTY-v25UXvP_I6V4j4YA5zwEpXuth_DVpFPh2lBOVergnMZ_ddI2Gl82sMQl8gcAR_9Fv1hqYjQGdrJP-FhQnFW7sNEgp2UVQCkdzy_XFjst01uy8oYi-6wVZ73XFiU212KLDmRubQPrder5urTNKPa2aAWJSUpQ5LkBIkaJOIL3IByDpCq0tvlc7ms4cgqpg7dfFiyTuYaA4mNsuKNmAv-t6ip-SPJ3NfLUY9uTEeqzbRXQ_TNGDwqct0RI_XbotZDBpzehdmQ.oFRR6apVU6KiT2kUZXV2Q0xzihu48DFp9DmNSoVFIV4%26dib_tag%3Dse%26keywords%3Dsoft%2Btoys%26qid%3D1747344105%26sr%3D8-69-spons%26sp_csd%3Dd2lkZ2V0TmFtZT1zcF9tdGY%26psc%3D1,False
"CLICK4DEAL X Large Very Soft 5 Feet Lovable/Huggable/Fluffy/Spongy/Cute Teddy Bear with Neck Bow for Girlfriend/Birthday Gift/Boy/Girl/Valentine/Anniversary (152 CM,Pink)",click4deal,4.4,11.0,1849.0,https://m.media-amazon.com/images/I/31iPPPu6pML.jpg,https://www.amazon.in/sspa/click?ie=UTF8&spc=MTo2MTEyMTY1OTg0MDA2MTkxOjE3NDczNDQxMDU6c3BfbXRmOjMwMDU2MDIyMzA5MjAzMjo6MDo6&url=%2FCLICK4DEAL-Soft-Teddy-Bear-Neck%2Fdp%2FB0755GFVQM%2Fref%3Dsr_1_70_sspa%3Fdib%3DeyJ2IjoiMSJ9.sPbxmIGOLf92vqIEU9W98ZFEQr7BHbS3cTY-v25UXvP_I6V4j4YA5zwEpXuth_DVpFPh2lBOVergnMZ_ddI2Gl82sMQl8gcAR_9Fv1hqYjQGdrJP-FhQnFW7sNEgp2UVQCkdzy_XFjst01uy8oYi-6wVZ73XFiU212KLDmRubQPrder5urTNKPa2aAWJSUpQ5LkBIkaJOIL3IByDpCq0tvlc7ms4cgqpg7dfFiyTuYaA4mNsuKNmAv-t6ip-SPJ3NfLUY9uTEeqzbRXQ_TNGDwqct0RI_XbotZDBpzehdmQ.oFRR6apVU6KiT2kUZXV2Q0xzihu48DFp9DmNSoVFIV4%26dib_tag%3Dse%26keywords%3Dsoft%2Btoys%26qid%3D1747344105%26sr%3D8-70-spons%26sp_csd%3Dd2lkZ2V0TmFtZT1zcF9tdGY%26psc%3D1,True
"Fuzzbuzz Dino, Soft Roys for Kids, Lilac, 40cm",fuzzbuzz,,,726.0,https://m.media-amazon.com/images/I/71sTisWqEYL._SY450_.jpg,https://www.amazon.in/sspa/click?ie=UTF8&spc=MTo2MTEyMTY1OTg0MDA2MTkxOjE3NDczNDQxMDU6c3BfbXRmOjMwMDU1NzU0MTcyODkzMjo6MDo6&url=%2FFuzzbuzz-Dino-Soft-Roys-Lilac%2Fdp%2FB0F29K34D6%2Fref%3Dsr_1_72_sspa%3Fdib%3DeyJ2IjoiMSJ9.sPbxmIGOLf92vqIEU9W98ZFEQr7BHbS3cTY-v25UXvP_I6V4j4YA5zwEpXuth_DVpFPh2lBOVergnMZ_ddI2Gl82sMQl8gcAR_9Fv1hqYjQGdrJP-FhQnFW7sNEgp2UVQCkdzy_XFjst01uy8oYi-6wVZ73XFiU212KLDmRubQPrder5urTNKPa2aAWJSUpQ5LkBIkaJOIL3IByDpCq0tvlc7ms4cgqpg7dfFiyTuYaA4mNsuKNmAv-t6ip-SPJ3NfLUY9uTEeqzbRXQ_TNGDwqct0RI_XbotZDBpzehdmQ.oFRR6apVU6KiT2kUZXV2Q0xzihu48DFp9DmNSoVFIV4%26dib_tag%3Dse%26keywords%3Dsoft%2Btoys%26qid%3D1747344105%26sr%3D8-72-spons%26sp_csd%3Dd2lkZ2V0TmFtZT1zcF9tdGY%26psc%3D1,False
"Hamleys 25cm Teddy Bear Plush Soft Toy with Saccha Pyaar T-Shirt, Valentine Special Bear",hamleys,,,899.0,https://m.media-amazon.com/images/I/71r+9ra7P1L._SX450_.jpg,https://www.amazon.in/sspa/click?ie=UTF8&spc=MTo2MTEyMTY1OTg0MDA2MTkxOjE3NDczNDQxMDU6c3BfYnRmOjMwMDUxMjk0ODgyNDczMjo6MDo6&url=%2FHamleys-Saccha-T-Shirt-Valentine-Special%2Fdp%2FB0DV5BJXYJ%2Fref%3Dsr_1_105_sspa%3Fdib%3DeyJ2IjoiMSJ9.sPbxmIGOLf92vqIEU9W98ZFEQr7BHbS3cTY-v25UXvP_I6V4j4YA5zwEpXuth_DVpFPh2lBOVergnMZ_ddI2Gl82sMQl8gcAR_9Fv1hqYjQGdrJP-FhQnFW7sNEgp2UVQCkdzy_XFjst01uy8oYi-6wVZ73XFiU212KLDmRubQPrder5urTNKPa2aAWJSUpQ5LkBIkaJOIL3IByDpCq0tvlc7ms4cgqpg7dfFiyTuYaA4mNsuKNmAv-t6ip-SPJ3NfLUY9uTEeqzbRXQ_TNGDwqct0RI_XbotZDBpzehdmQ.oFRR6apVU6KiT2kUZXV2Q0xzihu48DFp9DmNSoVFIV4%26dib_tag%3Dse%26keywords%3Dsoft%2Btoys%26qid%3D1747344105%26sr%3D8-105-spons%26sp_csd%3Dd2lkZ2V0TmFtZT1zcF9idGY%26psc%3D1,False
"OLSIC Breathing Soft Teddy Bear Plush Sound Machine Baby Gift with Music, Lights & Breathing Motion Infant Toys for Newborns, Heart Beat Stuffed Animal Plush Cute Teddy Bear (Multicolor)",olsic,5.0,7.0,899.0,https://m.media-amazon.com/images/I/512cGrVqB0L._SY450_.jpg,https://www.amazon.in/sspa/click?ie=UTF8&spc=MTo2MTEyMTY1OTg0MDA2MTkxOjE3NDczNDQxMDU6c3BfYnRmOjMwMDU0MjE4NDkyMzczMjo6MDo6&url=%2FOLSIC-Breathing-Teddy-Newborns-Multicolor%2Fdp%2FB0F4D45TLR%2Fref%3Dsr_1_107_sspa%3Fdib%3DeyJ2IjoiMSJ9.sPbxmIGOLf92vqIEU9W98ZFEQr7BHbS3cTY-v25UXvP_I6V4j4YA5zwEpXuth_DVpFPh2lBOVergnMZ_ddI2Gl82sMQl8gcAR_9Fv1hqYjQGdrJP-FhQnFW7sNEgp2UVQCkdzy_XFjst01uy8oYi-6wVZ73XFiU212KLDmRubQPrder5urTNKPa2aAWJSUpQ5LkBIkaJOIL3IByDpCq0tvlc7ms4cgqpg7dfFiyTuYaA4mNsuKNmAv-t6ip-SPJ3NfLUY9uTEeqzbRXQ_TNGDwqct0RI_XbotZDBpzehdmQ.oFRR6apVU6KiT2kUZXV2Q0xzihu48DFp9DmNSoVFIV4%26dib_tag%3Dse%26keywords%3Dsoft%2Btoys%26qid%3D1747344105%26sr%3D8-107-spons%26sp_csd%3Dd2lkZ2V0TmFtZT1zcF9idGY%26psc%3D1,True
Meera Adorable Cat Frog Plush - The for Meow-Mazing Cuddles,generic,,,3499.0,https://m.media-amazon.com/images/I/51+bfXg505L._SY450_.jpg,https://www.amazon.in/sspa/click?ie=UTF8&spc=MToyMzE5NTU3MDU3MTg5NzMwOjE3NDczNDQxNzM6c3BfYXRmX25leHQ6MzAwMTUzODQyNDc5NjMyOjowOjo&url=%2FMeera-Adorable-Cat-Frog-Plush%2Fdp%2FB0CY8N5KZY%2Fref%3Dsr_1_97_sspa%3Fdib%3DeyJ2IjoiMSJ9.Bo17sP_5cCC3DnbN4X9Nx43cC54905POdY7rgChigeKsQqnNxee7huyazXU7BPsxeRDGHD7Zcw_-46uy_AgRD5oM-2QcJ-v2pYLV-IPpv7Ads8_W4BMs-LvlL_nzr2LigSXffwFBHWSmHamJ29saaHEkpWDpiI-9LMMmbMh1FpF3FunungAd1tSp4tYjO6MPfRoQlyWKW55iIs9dCw9FKYGIqh06mUcnGuEbH8uv5HkFW-2waOs1dKIMy8iwh-kIHk3I2dxgrCfKXK6aT4VsbrHwQcytqyl87VZ5BiQsiEo.o7D1NqWk9xxGGpSR8rqmrakf29RewBPL8VsAcSAMwts%26dib_tag%3Dse%26keywords%3Dsoft%2Btoys%26qid%3D1747344173%26sr%3D8-97-spons%26sp_csd%3Dd2lkZ2V0TmFtZT1zcF9hdGZfbmV4dA%26psc%3D1,False
"VIH-AAN Plush Teddy Bear with Red Scarf, Soft Stuffed Animal Teddy Bear for Size 60 CM (RED)",generic,,,499.0,https://m.media-amazon.com/images/I/314MnCbzApL._SY450_.jpg,https://www.amazon.in/sspa/click?ie=UTF8&spc=MToyMzE5NTU3MDU3MTg5NzMwOjE3NDczNDQxNzM6c3BfYXRmX25leHQ6MzAwNTI3MDE5NjEwMDMyOjowOjo&url=%2FVIH-AAN-Plush-Teddy-Stuffed-Animal%2Fdp%2FB0F3DB68ZG%2Fref%3Dsr_1_98_sspa%3Fdib%3DeyJ2IjoiMSJ9.Bo17sP_5cCC3DnbN4X9Nx43cC54905POdY7rgChigeKsQqnNxee7huyazXU7BPsxeRDGHD7Zcw_-46uy_AgRD5oM-2QcJ-v2pYLV-IPpv7Ads8_W4BMs-LvlL_nzr2LigSXffwFBHWSmHamJ29saaHEkpWDpiI-9LMMmbMh1FpF3FunungAd1tSp4tYjO6MPfRoQlyWKW55iIs9dCw9FKYGIqh06mUcnGuEbH8uv5HkFW-2waOs1dKIMy8iwh-kIHk3I2dxgrCfKXK6aT4VsbrHwQcytqyl87VZ5BiQsiEo.o7D1NqWk9xxGGpSR8rqmrakf29RewBPL8VsAcSAMwts%26dib_tag%3Dse%26keywords%3Dsoft%2Btoys%26qid%3D1747344173%26sr%3D8-98-spons%26sp_csd%3Dd2lkZ2V0TmFtZT1zcF9hdGZfbmV4dA%26psc%3D1,False
"Panda's Box Mantra Chanting Baby Krishna (28 CM) | Musical Soft Plush Toy | Best Gift for Infants, Toddlers & Babies",panda's box,4.4,451.0,998.0,https://m.media-amazon.com/images/I/61jPVSAWcdL._SY450_.jpg,https://www.amazon.in/sspa/click?ie=UTF8&spc=MToyMzE5NTU3MDU3MTg5NzMwOjE3NDczNDQxNzM6c3BfYXRmX25leHQ6MzAwMTczNDAwMjU2NDMyOjowOjo&url=%2FPandas-Box-Chanting-Musical-Krishna%2Fdp%2FB09VDCSCWF%2Fref%3Dsr_1_99_sspa%3Fdib%3DeyJ2IjoiMSJ9.Bo17sP_5cCC3DnbN4X9Nx43cC54905POdY7rgChigeKsQqnNxee7huyazXU7BPsxeRDGHD7Zcw_-46uy_AgRD5oM-2QcJ-v2pYLV-IPpv7Ads8_W4BMs-LvlL_nzr2LigSXffwFBHWSmHamJ29saaHEkpWDpiI-9LMMmbMh1FpF3FunungAd1tSp4tYjO6MPfRoQlyWKW55iIs9dCw9FKYGIqh06mUcnGuEbH8uv5HkFW-2waOs1dKIMy8iwh-kIHk3I2dxgrCfKXK6aT4VsbrHwQcytqyl87VZ5BiQsiEo.o7D1NqWk9xxGGpSR8rqmrakf29RewBPL8VsAcSAMwts%26dib_tag%3Dse%26keywords%3Dsoft%2Btoys%26qid%3D1747344173%26sr%3D8-99-spons%26sp_csd%3Dd2lkZ2V0TmFtZT1zcF9hdGZfbmV4dA%26psc%3D1,True
"VIH-AAN Plush Teddy Bear with Red Scarf, Soft Stuffed Animal Teddy Bear for Size 60 CM (White)",generic,,,499.0,https://m.media-amazon.com/images/I/21yORfBMq-L._SY450_.jpg,https://www.amazon.in/sspa/click?ie=UTF8&spc=MToyMzE5NTU3MDU3MTg5NzMwOjE3NDczNDQxNzM6c3BfYXRmX25leHQ6MzAwNTI3MDE5NjA5ODMyOjowOjo&url=%2FVIH-AAN-Plush-Teddy-Stuffed-Animal%2Fdp%2FB0F3D57NQK%2Fref%3Dsr_1_100_sspa%3Fdib%3DeyJ2IjoiMSJ9.Bo17sP_5cCC3DnbN4X9Nx43cC54905POdY7rgChigeKsQqnNxee7huyazXU7BPsxeRDGHD7Zcw_-46uy_AgRD5oM-2QcJ-v2pYLV-IPpv7Ads8_W4BMs-LvlL_nzr2LigSXffwFBHWSmHamJ29saaHEkpWDpiI-9LMMmbMh1FpF3FunungAd1tSp4tYjO6MPfRoQlyWKW55iIs9dCw9FKYGIqh06mUcnGuEbH8uv5HkFW-2waOs1dKIMy8iwh-kIHk3I2dxgrCfKXK6aT4VsbrHwQcytqyl87VZ5BiQsiEo.o7D1NqWk9xxGGpSR8rqmrakf29RewBPL8VsAcSAMwts%26dib_tag%3Dse%26keywords%3Dsoft%2Btoys%26qid%3D1747344173%26sr%3D8-100-spons%26sp_csd%3Dd2lkZ2V0TmFtZT1zcF9hdGZfbmV4dA%26psc%3D1,False
"Plush Teddy Bear with Pink Cap, Soft Stuffed Animal, Pink",generic,,,499.0,https://m.media-amazon.com/images/I/51xiQlYbUTL._SY450_.jpg,https://www.amazon.in/sspa/click?ie=UTF8&spc=MToyMzE5NTU3MDU3MTg5NzMwOjE3NDczNDQxNzM6c3BfbXRmOjMwMDU1NjU2MTk3NDUzMjo6MDo6&url=%2FPlush-Teddy-Bear-Stuffed-Animal%2Fdp%2FB0F4NDQYBW%2Fref%3Dsr_1_117_sspa%3Fdib%3DeyJ2IjoiMSJ9.Bo17sP_5cCC3DnbN4X9Nx43cC54905POdY7rgChigeKsQqnNxee7huyazXU7BPsxeRDGHD7Zcw_-46uy_AgRD5oM-2QcJ-v2pYLV-IPpv7Ads8_W4BMs-LvlL_nzr2LigSXffwFBHWSmHamJ29saaHEkpWDpiI-9LMMmbMh1FpF3FunungAd1tSp4tYjO6MPfRoQlyWKW55iIs9dCw9FKYGIqh06mUcnGuEbH8uv5HkFW-2waOs1dKIMy8iwh-kIHk3I2dxgrCfKXK6aT4VsbrHwQcytqyl87VZ5BiQsiEo.o7D1NqWk9xxGGpSR8rqmrakf29RewBPL8VsAcSAMwts%26dib_tag%3Dse%26keywords%3Dsoft%2Btoys%26qid%3D1747344173%26sr%3D8-117-spons%26sp_csd%3Dd2lkZ2V0TmFtZT1zcF9tdGY%26psc%3D1,False
Storescent Soft Toys for Kids - Stuffed Animal Plush Soft Toy for Boys & Girls | Plushie Toy Half Hooded Strawberry Bear 40cm,storescent,4.1,1539.0,599.0,https://m.media-amazon.com/images/I/71S3tFJ0ULL._SY450_.jpg,https://www.amazon.in/sspa/click?ie=UTF8&spc=MToyMzE5NTU3MDU3MTg5NzMwOjE3NDczNDQxNzM6c3BfbXRmOjMwMDQ4NzY5NTY4MjYzMjo6MDo6&url=%2FStorescent-Soft-Toys-Kids-Strawberry%2Fdp%2FB0DCZGCWTH%2Fref%3Dsr_1_118_sspa%3Fdib%3DeyJ2IjoiMSJ9.Bo17sP_5cCC3DnbN4X9Nx43cC54905POdY7rgChigeKsQqnNxee7huyazXU7BPsxeRDGHD7Zcw_-46uy_AgRD5oM-2QcJ-v2pYLV-IPpv7Ads8_W4BMs-LvlL_nzr2LigSXffwFBHWSmHamJ29saaHEkpWDpiI-9LMMmbMh1FpF3FunungAd1tSp4tYjO6MPfRoQlyWKW55iIs9dCw9FKYGIqh06mUcnGuEbH8uv5HkFW-2waOs1dKIMy8iwh-kIHk3I2dxgrCfKXK6aT4VsbrHwQcytqyl87VZ5BiQsiEo.o7D1NqWk9xxGGpSR8rqmrakf29RewBPL8VsAcSAMwts%26dib_tag%3Dse%26keywords%3Dsoft%2Btoys%26qid%3D1747344173%26sr%3D8-118-spons%26sp_csd%3Dd2lkZ2V0TmFtZT1zcF9tdGY%26psc%3D1,True
"Panda's Box Mantra Chanting Devi Durga Toy – Small (22 cm) | Plush Sound Toy for Kids | Musical Stuffed Toy | Best Gift for Infants, Toddlers & Babies",panda's box,4.6,37.0,948.0,https://m.media-amazon.com/images/I/61O8cugz00L._SY450_.jpg,https://www.amazon.in/sspa/click?ie=UTF8&spc=MToyMzE5NTU3MDU3MTg5NzMwOjE3NDczNDQxNzM6c3BfbXRmOjMwMDU1MDIxNDk2NjEzMjo6MDo6&url=%2FPandas-Box-Mantra-Chanting-Durga%2Fdp%2FB0F63481JH%2Fref%3Dsr_1_119_sspa%3Fdib%3DeyJ2IjoiMSJ9.Bo17sP_5cCC3DnbN4X9Nx43cC54905POdY7rgChigeKsQqnNxee7huyazXU7BPsxeRDGHD7Zcw_-46uy_AgRD5oM-2QcJ-v2pYLV-IPpv7Ads8_W4BMs-LvlL_nzr2LigSXffwFBHWSmHamJ29saaHEkpWDpiI-9LMMmbMh1FpF3FunungAd1tSp4tYjO6MPfRoQlyWKW55iIs9dCw9FKYGIqh06mUcnGuEbH8uv5HkFW-2waOs1dKIMy8iwh-kIHk3I2dxgrCfKXK6aT4VsbrHwQcytqyl87VZ5BiQsiEo.o7D1NqWk9xxGGpSR8rqmrakf29RewBPL8VsAcSAMwts%26dib_tag%3Dse%26keywords%3Dsoft%2Btoys%26qid%3D1747344173%26sr%3D8-119-spons%26sp_csd%3Dd2lkZ2V0TmFtZT1zcF9tdGY%26psc%3D1,True
"VIH-AAN Plush Teddy Bear with Red Scarf, Soft Stuffed Animal Teddy Bear for Size 60 CM Blue",generic,,,499.0,https://m.media-amazon.com/images/I/31Co-RzODGL._SY450_.jpg,https://www.amazon.in/sspa/click?ie=UTF8&spc=MToyMzE5NTU3MDU3MTg5NzMwOjE3NDczNDQxNzM6c3BfbXRmOjMwMDUyNzAxOTYxMDEzMjo6MDo6&url=%2FVIH-AAN-Plush-Teddy-Stuffed-Animal%2Fdp%2FB0F3D4FFS2%2Fref%3Dsr_1_120_sspa%3Fdib%3DeyJ2IjoiMSJ9.Bo17sP_5cCC3DnbN4X9Nx43cC54905POdY7rgChigeKsQqnNxee7huyazXU7BPsxeRDGHD7Zcw_-46uy_AgRD5oM-2QcJ-v2pYLV-IPpv7Ads8_W4BMs-LvlL_nzr2LigSXffwFBHWSmHamJ29saaHEkpWDpiI-9LMMmbMh1FpF3FunungAd1tSp4tYjO6MPfRoQlyWKW55iIs9dCw9FKYGIqh06mUcnGuEbH8uv5HkFW-2waOs1dKIMy8iwh-kIHk3I2dxgrCfKXK6aT4VsbrHwQcytqyl87VZ5BiQsiEo.o7D1NqWk9xxGGpSR8rqmrakf29RewBPL8VsAcSAMwts%26dib_tag%3Dse%26keywords%3Dsoft%2Btoys%26qid%3D1747344173%26sr%3D8-120-spons%26sp_csd%3Dd2lkZ2V0TmFtZT1zcF9tdGY%26psc%3D1,False
"Hamleys Percy Laughing Panda – Soft & Interactive Plush Toy, Black & White, 18M+",hamleys,,,1954.0,https://m.media-amazon.com/images/I/81k0ku6mrkL._SY450_.jpg,https://www.amazon.in/sspa/click?ie=UTF8&spc=MToyMzE5NTU3MDU3MTg5NzMwOjE3NDczNDQxNzM6c3BfYnRmOjMwMDU1NzU0MTczMDkzMjo6MDo6&url=%2FHamleys-Percy-Laughing-Panda-Interactive%2Fdp%2FB0DPQXMC8Z%2Fref%3Dsr_1_154_sspa%3Fdib%3DeyJ2IjoiMSJ9.Bo17sP_5cCC3DnbN4X9Nx43cC54905POdY7rgChigeKsQqnNxee7huyazXU7BPsxeRDGHD7Zcw_-46uy_AgRD5oM-2QcJ-v2pYLV-IPpv7Ads8_W4BMs-LvlL_nzr2LigSXffwFBHWSmHamJ29saaHEkpWDpiI-9LMMmbMh1FpF3FunungAd1tSp4tYjO6MPfRoQlyWKW55iIs9dCw9FKYGIqh06mUcnGuEbH8uv5HkFW-2waOs1dKIMy8iwh-kIHk3I2dxgrCfKXK6aT4VsbrHwQcytqyl87VZ5BiQsiEo.o7D1NqWk9xxGGpSR8rqmrakf29RewBPL8VsAcSAMwts%26dib_tag%3Dse%26keywords%3Dsoft%2Btoys%26qid%3D1747344173%26sr%3D8-154-spons%26sp_csd%3Dd2lkZ2V0TmFtZT1zcF9idGY%26psc%3D1,False
Fuzzbuzz Cute Bear with Bunny Hoodie for Girls/Kids | 30 cm Plush Toy | Huggable Soft Stuffed Animal | Ideal Gift for Special Occasions,fuzzbuzz,,,909.0,https://m.media-amazon.com/images/I/71anPMOEekL._SY450_.jpg,https://www.amazon.in/sspa/click?ie=UTF8&spc=MToyMzE5NTU3MDU3MTg5NzMwOjE3NDczNDQxNzM6c3BfYnRmOjMwMDU1NzM4OTAxMTEzMjo6MDo6&url=%2FFuzzbuzz-Huggable-Stuffed-Special-Occasions%2Fdp%2FB0DVSQ9F6N%2Fref%3Dsr_1_155_sspa%3Fdib%3DeyJ2IjoiMSJ9.Bo17sP_5cCC3DnbN4X9Nx43cC54905POdY7rgChigeKsQqnNxee7huyazXU7BPsxeRDGHD7Zcw_-46uy_AgRD5oM-2QcJ-v2pYLV-IPpv7Ads8_W4BMs-LvlL_nzr2LigSXffwFBHWSmHamJ29saaHEkpWDpiI-9LMMmbMh1FpF3FunungAd1tSp4tYjO6MPfRoQlyWKW55iIs9dCw9FKYGIqh06mUcnGuEbH8uv5HkFW-2waOs1dKIMy8iwh-kIHk3I2dxgrCfKXK6aT4VsbrHwQcytqyl87VZ5BiQsiEo.o7D1NqWk9xxGGpSR8rqmrakf29RewBPL8VsAcSAMwts%26dib_tag%3Dse%26keywords%3Dsoft%2Btoys%26qid%3D1747344173%26sr%3D8-155-spons%26sp_csd%3Dd2lkZ2V0TmFtZT1zcF9idGY%26psc%3D1,False
"VE Plush Teddy Bear with Red Scarf, Soft Stuffed Animal Teddy Bear for Size 60 CM (Yellow)",generic,,,499.0,https://m.media-amazon.com/images/I/31FbbLueQDL._SY450_.jpg,https://www.amazon.in/sspa/click?ie=UTF8&spc=MTozNjM5MDIxMDQ4MTM0ODE5OjE3NDczNDQyNDU6c3BfYXRmX25leHQ6MzAwNTI3MDE5NjEwMjMyOjowOjo&url=%2FPlush-Teddy-Stuffed-Animal-Yellow%2Fdp%2FB0F26KQZMZ%2Fref%3Dsr_1_146_sspa%3Fdib%3DeyJ2IjoiMSJ9.-RHBUK0nxUqYHwiSvWLqeHQudVnRlYOTSmQA5AE64yE-luaPsiLYS40hiWbvcMplUdznicQTgvgsyT0IA2Vbdz5KSPOgpa4kSYKwEVGdDVKYHbHXMykgSL5as0pbkzS2_e-49DX0ORgZsBig7hXKiCBM1FTmhwd9yGyORXQbO5EJIAFxEuxAmMkpMcCY6iCQHvBxGIjyN6G2qF-4ngb0PnV6BRWc3FWOSYaEXnVDW33yWlpJYWqGXb2IuntbxQRgaGY_Uqmcnwi2-LiSpCM_nBBHflSuNjqBpCf_-_mR6HU.WyS9F0fC79Tj-X_4MXa_KuMod7EsFTAlIbfFXLTINx4%26dib_tag%3Dse%26keywords%3Dsoft%2Btoys%26qid%3D1747344245%26sr%3D8-146-spons%26sp_csd%3Dd2lkZ2V0TmFtZT1zcF9hdGZfbmV4dA%26psc%3D1,False
Meera The Blue Astronaut Soft Plush Toy - A Stellar Birthday Gift for The Ultimate Space Explorer Bring Home in Huggable Form,generic,5.0,2.0,1499.0,https://m.media-amazon.com/images/I/51NcFOWL8IL._SY450_.jpg,https://www.amazon.in/sspa/click?ie=UTF8&spc=MTozNjM5MDIxMDQ4MTM0ODE5OjE3NDczNDQyNDU6c3BfYXRmX25leHQ6MzAwMTUzODE2ODkwNTMyOjowOjo&url=%2FMeera-Blue-Astronaut-Soft-Plush%2Fdp%2FB0CYPT2QVR%2Fref%3Dsr_1_147_sspa%3Fdib%3DeyJ2IjoiMSJ9.-RHBUK0nxUqYHwiSvWLqeHQudVnRlYOTSmQA5AE64yE-luaPsiLYS40hiWbvcMplUdznicQTgvgsyT0IA2Vbdz5KSPOgpa4kSYKwEVGdDVKYHbHXMykgSL5as0pbkzS2_e-49DX0ORgZsBig7hXKiCBM1FTmhwd9yGyORXQbO5EJIAFxEuxAmMkpMcCY6iCQHvBxGIjyN6G2qF-4ngb0PnV6BRWc3FWOSYaEXnVDW33yWlpJYWqGXb2IuntbxQRgaGY_Uqmcnwi2-LiSpCM_nBBHflSuNjqBpCf_-_mR6HU.WyS9F0fC79Tj-X_4MXa_KuMod7EsFTAlIbfFXLTINx4%26dib_tag%3Dse%26keywords%3Dsoft%2Btoys%26qid%3D1747344245%26sr%3D8-147-spons%26sp_csd%3Dd2lkZ2V0TmFtZT1zcF9hdGZfbmV4dA%26psc%3D1,True
"VIH-AAN Plush Teddy Bear with Red Scarf, Soft Stuffed Animal Teddy Bear for Size 60 CM (Pink)",generic,,,499.0,https://m.media-amazon.com/images/I/219-KRSRn6L._SY450_.jpg,https://www.amazon.in/sspa/click?ie=UTF8&spc=MTozNjM5MDIxMDQ4MTM0ODE5OjE3NDczNDQyNDU6c3BfYXRmX25leHQ6MzAwNTI3MDE5NjA5NzMyOjowOjo&url=%2FVIH-AAN-Plush-Teddy-Stuffed-Animal%2Fdp%2FB0F3D4JNSY%2Fref%3Dsr_1_148_sspa%3Fdib%3DeyJ2IjoiMSJ9.-RHBUK0nxUqYHwiSvWLqeHQudVnRlYOTSmQA5AE64yE-luaPsiLYS40hiWbvcMplUdznicQTgvgsyT0IA2Vbdz5KSPOgpa4kSYKwEVGdDVKYHbHXMykgSL5as0pbkzS2_e-49DX0ORgZsBig7hXKiCBM1FTmhwd9yGyORXQbO5EJIAFxEuxAmMkpMcCY6iCQHvBxGIjyN6G2qF-4ngb0PnV6BRWc3FWOSYaEXnVDW33yWlpJYWqGXb2IuntbxQRgaGY_Uqmcnwi2-LiSpCM_nBBHflSuNjqBpCf_-_mR6HU.WyS9F0fC79Tj-X_4MXa_KuMod7EsFTAlIbfFXLTINx4%26dib_tag%3Dse%26keywords%3Dsoft%2Btoys%26qid%3D1747344245%26sr%3D8-148-spons%26sp_csd%3Dd2lkZ2V0TmFtZT1zcF9hdGZfbmV4dA%26psc%3D1,False
"Fuzzbuzz Huggable Cuddly Bunny Stuffed Toy, Soft Toys for Kids, Cute Plushies White, for Kids of Age 2 Years & Above",fuzzbuzz,,,631.0,https://m.media-amazon.com/images/I/71B4qyUkpFL._SY450_.jpg,https://www.amazon.in/sspa/click?ie=UTF8&spc=MTozNjM5MDIxMDQ4MTM0ODE5OjE3NDczNDQyNDU6c3BfbXRmOjMwMDU1NzU0MTczMjgzMjo6MDo6&url=%2FFuzzbuzz-Huggable-Cuddly-Stuffed-Plushies%2Fdp%2FB0F29HYYXR%2Fref%3Dsr_1_165_sspa%3Fdib%3DeyJ2IjoiMSJ9.-RHBUK0nxUqYHwiSvWLqeHQudVnRlYOTSmQA5AE64yE-luaPsiLYS40hiWbvcMplUdznicQTgvgsyT0IA2Vbdz5KSPOgpa4kSYKwEVGdDVKYHbHXMykgSL5as0pbkzS2_e-49DX0ORgZsBig7hXKiCBM1FTmhwd9yGyORXQbO5EJIAFxEuxAmMkpMcCY6iCQHvBxGIjyN6G2qF-4ngb0PnV6BRWc3FWOSYaEXnVDW33yWlpJYWqGXb2IuntbxQRgaGY_Uqmcnwi2-LiSpCM_nBBHflSuNjqBpCf_-_mR6HU.WyS9F0fC79Tj-X_4MXa_KuMod7EsFTAlIbfFXLTINx4%26dib_tag%3Dse%26keywords%3Dsoft%2Btoys%26qid%3D1747344245%26sr%3D8-165-spons%26sp_csd%3Dd2lkZ2V0TmFtZT1zcF9tdGY%26psc%3D1,False
"Storescent Reversible Carrot Bunny Plush Toy, Adorable & Versatile Stuffed Animal with Zipper - Soft Rabbit Toy, Pillow & Decorative Gift (Carrot Bunny 30CM)",storescent,4.1,1539.0,348.0,https://m.media-amazon.com/images/I/613ls7T9uaL._SY450_.jpg,https://www.amazon.in/sspa/click?ie=UTF8&spc=MTozNjM5MDIxMDQ4MTM0ODE5OjE3NDczNDQyNDU6c3BfbXRmOjMwMDQ3NzAzMDc4MzEzMjo6MDo6&url=%2FStorescent-Reversible-Adorable-Versatile-Stuffed%2Fdp%2FB0CDXNYQ31%2Fref%3Dsr_1_166_sspa%3Fdib%3DeyJ2IjoiMSJ9.-RHBUK0nxUqYHwiSvWLqeHQudVnRlYOTSmQA5AE64yE-luaPsiLYS40hiWbvcMplUdznicQTgvgsyT0IA2Vbdz5KSPOgpa4kSYKwEVGdDVKYHbHXMykgSL5as0pbkzS2_e-49DX0ORgZsBig7hXKiCBM1FTmhwd9yGyORXQbO5EJIAFxEuxAmMkpMcCY6iCQHvBxGIjyN6G2qF-4ngb0PnV6BRWc3FWOSYaEXnVDW33yWlpJYWqGXb2IuntbxQRgaGY_Uqmcnwi2-LiSpCM_nBBHflSuNjqBpCf_-_mR6HU.WyS9F0fC79Tj-X_4MXa_KuMod7EsFTAlIbfFXLTINx4%26dib_tag%3Dse%26keywords%3Dsoft%2Btoys%26qid%3D1747344245%26sr%3D8-166-spons%26sp_csd%3Dd2lkZ2V0TmFtZT1zcF9tdGY%26psc%3D1,True
"Yellow Teddy Bear with Love Pattern Cap and Heart Shape Pillow, 30 cm Plush Stuffed Animal",generic,,,499.0,https://m.media-amazon.com/images/I/51hFPTPZUDL._SY450_.jpg,https://www.amazon.in/sspa/click?ie=UTF8&spc=MTozNjM5MDIxMDQ4MTM0ODE5OjE3NDczNDQyNDU6c3BfbXRmOjMwMDU1NjU2MTk3NDQzMjo6MDo6&url=%2FYellow-Teddy-Pattern-Pillow-Stuffed%2Fdp%2FB0F5HTLG5L%2Fref%3Dsr_1_167_sspa%3Fdib%3DeyJ2IjoiMSJ9.-RHBUK0nxUqYHwiSvWLqeHQudVnRlYOTSmQA5AE64yE-luaPsiLYS40hiWbvcMplUdznicQTgvgsyT0IA2Vbdz5KSPOgpa4kSYKwEVGdDVKYHbHXMykgSL5as0pbkzS2_e-49DX0ORgZsBig7hXKiCBM1FTmhwd9yGyORXQbO5EJIAFxEuxAmMkpMcCY6iCQHvBxGIjyN6G2qF-4ngb0PnV6BRWc3FWOSYaEXnVDW33yWlpJYWqGXb2IuntbxQRgaGY_Uqmcnwi2-LiSpCM_nBBHflSuNjqBpCf_-_mR6HU.WyS9F0fC79Tj-X_4MXa_KuMod7EsFTAlIbfFXLTINx4%26dib_tag%3Dse%26keywords%3Dsoft%2Btoys%26qid%3D1747344245%26sr%3D8-167-spons%26sp_csd%3Dd2lkZ2V0TmFtZT1zcF9tdGY%26psc%3D1,False
"Fuzzbuzz Bear 45cm Attrative Soft Toy for Kids 3Y+, Multicolour",fuzzbuzz,,,1519.0,https://m.media-amazon.com/images/I/61p8x2mGVZL._SX450_.jpg,https://www.amazon.in/sspa/click?ie=UTF8&spc=MTozNjM5MDIxMDQ4MTM0ODE5OjE3NDczNDQyNDU6c3BfbXRmOjMwMDU1NzU0MTcyODQzMjo6MDo6&url=%2FFuzzbuzz-Bear-45cm-Attrative-Multicolour%2Fdp%2FB0F2GF58W3%2Fref%3Dsr_1_168_sspa%3Fdib%3DeyJ2IjoiMSJ9.-RHBUK0nxUqYHwiSvWLqeHQudVnRlYOTSmQA5AE64yE-luaPsiLYS40hiWbvcMplUdznicQTgvgsyT0IA2Vbdz5KSPOgpa4kSYKwEVGdDVKYHbHXMykgSL5as0pbkzS2_e-49DX0ORgZsBig7hXKiCBM1FTmhwd9yGyORXQbO5EJIAFxEuxAmMkpMcCY6iCQHvBxGIjyN6G2qF-4ngb0PnV6BRWc3FWOSYaEXnVDW33yWlpJYWqGXb2IuntbxQRgaGY_Uqmcnwi2-LiSpCM_nBBHflSuNjqBpCf_-_mR6HU.WyS9F0fC79Tj-X_4MXa_KuMod7EsFTAlIbfFXLTINx4%26dib_tag%3Dse%26keywords%3Dsoft%2Btoys%26qid%3D1747344245%26sr%3D8-168-spons%26sp_csd%3Dd2lkZ2V0TmFtZT1zcF9tdGY%26psc%3D1,False
"Hamleys Sitting Dog Plush Toy – Soft & Cuddly Stuffed Animal, 42cm, Multicolor",fuzzbuzz,,,2124.0,https://m.media-amazon.com/images/I/71hMVkVG0TL._SY450_.jpg,https://www.amazon.in/sspa/click?ie=UTF8&spc=MTozNjM5MDIxMDQ4MTM0ODE5OjE3NDczNDQyNDU6c3BfYnRmOjMwMDU1NzU0MTczNTUzMjo6MDo6&url=%2FHamleys-Sitting-Dog-Plush-Toy%2Fdp%2FB0DPQWVM6S%2Fref%3Dsr_1_201_sspa%3Fdib%3DeyJ2IjoiMSJ9.-RHBUK0nxUqYHwiSvWLqeHQudVnRlYOTSmQA5AE64yE-luaPsiLYS40hiWbvcMplUdznicQTgvgsyT0IA2Vbdz5KSPOgpa4kSYKwEVGdDVKYHbHXMykgSL5as0pbkzS2_e-49DX0ORgZsBig7hXKiCBM1FTmhwd9yGyORXQbO5EJIAFxEuxAmMkpMcCY6iCQHvBxGIjyN6G2qF-4ngb0PnV6BRWc3FWOSYaEXnVDW33yWlpJYWqGXb2IuntbxQRgaGY_Uqmcnwi2-LiSpCM_nBBHflSuNjqBpCf_-_mR6HU.WyS9F0fC79Tj-X_4MXa_KuMod7EsFTAlIbfFXLTINx4%26dib_tag%3Dse%26keywords%3Dsoft%2Btoys%26qid%3D1747344245%26sr%3D8-201-spons%26sp_csd%3Dd2lkZ2V0TmFtZT1zcF9idGY%26psc%3D1,False
"Dimpy Toys Lying Dog Dark Brown 55 Cm, Unisex, 3Y+(Brown)",hamleys,4.6,3.0,949.0,https://m.media-amazon.com/images/I/91OiSk-s9ZL._SY450_.jpg,https://www.amazon.in/sspa/click?ie=UTF8&spc=MTozNjM5MDIxMDQ4MTM0ODE5OjE3NDczNDQyNDU6c3BfYnRmOjMwMDU1NzU0MTcyNzIzMjo6MDo6&url=%2FDimpy-Toys-Lying-Brown-Unisex%2Fdp%2FB09F22F583%2Fref%3Dsr_1_202_sspa%3Fdib%3DeyJ2IjoiMSJ9.-RHBUK0nxUqYHwiSvWLqeHQudVnRlYOTSmQA5AE64yE-luaPsiLYS40hiWbvcMplUdznicQTgvgsyT0IA2Vbdz5KSPOgpa4kSYKwEVGdDVKYHbHXMykgSL5as0pbkzS2_e-49DX0ORgZsBig7hXKiCBM1FTmhwd9yGyORXQbO5EJIAFxEuxAmMkpMcCY6iCQHvBxGIjyN6G2qF-4ngb0PnV6BRWc3FWOSYaEXnVDW33yWlpJYWqGXb2IuntbxQRgaGY_Uqmcnwi2-LiSpCM_nBBHflSuNjqBpCf_-_mR6HU.WyS9F0fC79Tj-X_4MXa_KuMod7EsFTAlIbfFXLTINx4%26dib_tag%3Dse%26keywords%3Dsoft%2Btoys%26qid%3D1747344245%26sr%3D8-202-spons%26sp_csd%3Dd2lkZ2V0TmFtZT1zcF9idGY%26psc%3D1,True
"VIH-AAN Plush Panda Bear Soft Toy, 25 cm, Black and White",generic,,,300.0,https://m.media-amazon.com/images/I/51HQTqWzDRL._SY606_.jpg,https://www.amazon.in/sspa/click?ie=UTF8&spc=MTozNjM5MDIxMDQ4MTM0ODE5OjE3NDczNDQyNDU6c3BfYnRmOjMwMDUyNzAxOTYwOTQzMjo6MDo6&url=%2FVIH-AAN-Plush-Panda-Black-White%2Fdp%2FB0F3CSPBWB%2Fref%3Dsr_1_203_sspa%3Fdib%3DeyJ2IjoiMSJ9.-RHBUK0nxUqYHwiSvWLqeHQudVnRlYOTSmQA5AE64yE-luaPsiLYS40hiWbvcMplUdznicQTgvgsyT0IA2Vbdz5KSPOgpa4kSYKwEVGdDVKYHbHXMykgSL5as0pbkzS2_e-49DX0ORgZsBig7hXKiCBM1FTmhwd9yGyORXQbO5EJIAFxEuxAmMkpMcCY6iCQHvBxGIjyN6G2qF-4ngb0PnV6BRWc3FWOSYaEXnVDW33yWlpJYWqGXb2IuntbxQRgaGY_Uqmcnwi2-LiSpCM_nBBHflSuNjqBpCf_-_mR6HU.WyS9F0fC79Tj-X_4MXa_KuMod7EsFTAlIbfFXLTINx4%26dib_tag%3Dse%26keywords%3Dsoft%2Btoys%26qid%3D1747344245%26sr%3D8-203-spons%26sp_csd%3Dd2lkZ2V0TmFtZT1zcF9idGY%26psc%3D1,False
"aurbo Mantra Chanting Baby Shiva & Krishna (Pack of 2, 35 CM) | Musical Soft Plush Toys | Best Gifts for Infants, Toddlers & Babies",aurbo,5.0,1.0,1799.0,https://m.media-amazon.com/images/I/81W+5jgfEVL._SX450_.jpg,https://www.amazon.in/sspa/click?ie=UTF8&spc=MTozNjM5MDIxMDQ4MTM0ODE5OjE3NDczNDQyNDU6c3BfYnRmOjMwMDU0Nzg4ODg4NzQzMjo6MDo6&url=%2Faurbo-Chanting-Krishna-Musical-Toddlers%2Fdp%2FB0DNNF5S39%2Fref%3Dsr_1_204_sspa%3Fdib%3DeyJ2IjoiMSJ9.-RHBUK0nxUqYHwiSvWLqeHQudVnRlYOTSmQA5AE64yE-luaPsiLYS40hiWbvcMplUdznicQTgvgsyT0IA2Vbdz5KSPOgpa4kSYKwEVGdDVKYHbHXMykgSL5as0pbkzS2_e-49DX0ORgZsBig7hXKiCBM1FTmhwd9yGyORXQbO5EJIAFxEuxAmMkpMcCY6iCQHvBxGIjyN6G2qF-4ngb0PnV6BRWc3FWOSYaEXnVDW33yWlpJYWqGXb2IuntbxQRgaGY_Uqmcnwi2-LiSpCM_nBBHflSuNjqBpCf_-_mR6HU.WyS9F0fC79Tj-X_4MXa_KuMod7EsFTAlIbfFXLTINx4%26dib_tag%3Dse%26keywords%3Dsoft%2Btoys%26qid%3D1747344245%26sr%3D8-204-spons%26sp_csd%3Dd2lkZ2V0TmFtZT1zcF9idGY%26psc%3D1,True
"Meera Quackly Bear Hugs Adorable Plush Duck Toy, for Endless Cuddles and Smiles",generic,,,3499.0,https://m.media-amazon.com/images/I/51dVQU+LXdL._SY450_.jpg,https://www.amazon.in/sspa/click?ie=UTF8&spc=MTo4NzM5NDAyNDY3OTg1MDg1OjE3NDczNDQzMTY6c3BfYXRmX25leHQ6MzAwMTUzODQyNDc5ODMyOjowOjo&url=%2FQuackly-Adorable-Endless-Cuddles-Smiles%2Fdp%2FB0CY8NFMZ2%2Fref%3Dsr_1_193_sspa%3Fdib%3DeyJ2IjoiMSJ9.JuJJDMFlpMn3KJKrjS5b3lVZdOvp8syS-xg7TbCjFyLRNhPfjSky13tEMi85Y3AGvo5YYp0ZrKqx-LcdBHOXws9nyB9GAO0AA5OA0Q80wyayaDnQ0Ap1vXHR0KtIffjXcmdCtno1CF5df8QlXe2zQSgr2nukgdMsFHqOsnrF4hiSpG4cWnXh-qH7iNEqbzcG1D2eviolDP9P7uAWFeNQE44p7fIVcm2tuQWCGXwue36JW5C3ojdQauPLSLXSL_4ictkCl6MKLhEUXv0NGppQYtnU9dFYc00ZAHujIfLoYnA.Uwv6vbltiHFNca3Izrggfl7NO7PcGaOoKnU3EwqzGSI%26dib_tag%3Dse%26keywords%3Dsoft%2Btoys%26qid%3D1747344316%26sr%3D8-193-spons%26sp_csd%3Dd2lkZ2V0TmFtZT1zcF9hdGZfbmV4dA%26psc%3D1,False
Meera Pink Astronaut Soft Plush Toy Blast Off into Birthday Fun with Cuddly Adventures The for Dreamers and Space Explorers,generic,5.0,2.0,999.0,https://m.media-amazon.com/images/I/51p9rXrHtML._SY450_.jpg,https://www.amazon.in/sspa/click?ie=UTF8&spc=MTo4NzM5NDAyNDY3OTg1MDg1OjE3NDczNDQzMTY6c3BfYXRmX25leHQ6MzAwMTUzODE2ODkwNDMyOjowOjo&url=%2FAstronaut-Birthday-Adventures-Dreamers-Explorers%2Fdp%2FB0CYPVRSHQ%2Fref%3Dsr_1_194_sspa%3Fdib%3DeyJ2IjoiMSJ9.JuJJDMFlpMn3KJKrjS5b3lVZdOvp8syS-xg7TbCjFyLRNhPfjSky13tEMi85Y3AGvo5YYp0ZrKqx-LcdBHOXws9nyB9GAO0AA5OA0Q80wyayaDnQ0Ap1vXHR0KtIffjXcmdCtno1CF5df8QlXe2zQSgr2nukgdMsFHqOsnrF4hiSpG4cWnXh-qH7iNEqbzcG1D2eviolDP9P7uAWFeNQE44p7fIVcm2tuQWCGXwue36JW5C3ojdQauPLSLXSL_4ictkCl6MKLhEUXv0NGppQYtnU9dFYc00ZAHujIfLoYnA.Uwv6vbltiHFNca3Izrggfl7NO7PcGaOoKnU3EwqzGSI%26dib_tag%3Dse%26keywords%3Dsoft%2Btoys%26qid%3D1747344316%26sr%3D8-194-spons%26sp_csd%3Dd2lkZ2V0TmFtZT1zcF9hdGZfbmV4dA%26psc%3D1,True
"VIH-AAN Plush Teddy Bear, 50 cm, Neon Green and Cream, Soft Stuffed Animal Green",generic,,,599.0,https://m.media-amazon.com/images/I/61IWxm6DHeL._SY606_.jpg,https://www.amazon.in/sspa/click?ie=UTF8&spc=MTo4NzM5NDAyNDY3OTg1MDg1OjE3NDczNDQzMTY6c3BfYXRmX25leHQ6MzAwNTI3MDE5NjA5NjMyOjowOjo&url=%2FVIH-AAN-Plush-Teddy-Stuffed-Animal%2Fdp%2FB0F3D3DB37%2Fref%3Dsr_1_195_sspa%3Fdib%3DeyJ2IjoiMSJ9.JuJJDMFlpMn3KJKrjS5b3lVZdOvp8syS-xg7TbCjFyLRNhPfjSky13tEMi85Y3AGvo5YYp0ZrKqx-LcdBHOXws9nyB9GAO0AA5OA0Q80wyayaDnQ0Ap1vXHR0KtIffjXcmdCtno1CF5df8QlXe2zQSgr2nukgdMsFHqOsnrF4hiSpG4cWnXh-qH7iNEqbzcG1D2eviolDP9P7uAWFeNQE44p7fIVcm2tuQWCGXwue36JW5C3ojdQauPLSLXSL_4ictkCl6MKLhEUXv0NGppQYtnU9dFYc00ZAHujIfLoYnA.Uwv6vbltiHFNca3Izrggfl7NO7PcGaOoKnU3EwqzGSI%26dib_tag%3Dse%26keywords%3Dsoft%2Btoys%26qid%3D1747344316%26sr%3D8-195-spons%26sp_csd%3Dd2lkZ2V0TmFtZT1zcF9hdGZfbmV4dA%26psc%3D1,False
"Fuzzbuzz Movers & Shakers Peek A Boo Manny Elephant, 3Y+, Grey",fuzzbuzz,,,1529.0,https://m.media-amazon.com/images/I/81yx5j2HFsL._SY450_.jpg,https://www.amazon.in/sspa/click?ie=UTF8&spc=MTo4NzM5NDAyNDY3OTg1MDg1OjE3NDczNDQzMTY6c3BfYXRmX25leHQ6MzAwNTU3NTQxNzI4NTMyOjowOjo&url=%2FFuzzbuzz-Movers-Shakers-Manny-Elephant%2Fdp%2FB0F3PC2F47%2Fref%3Dsr_1_196_sspa%3Fdib%3DeyJ2IjoiMSJ9.JuJJDMFlpMn3KJKrjS5b3lVZdOvp8syS-xg7TbCjFyLRNhPfjSky13tEMi85Y3AGvo5YYp0ZrKqx-LcdBHOXws9nyB9GAO0AA5OA0Q80wyayaDnQ0Ap1vXHR0KtIffjXcmdCtno1CF5df8QlXe2zQSgr2nukgdMsFHqOsnrF4hiSpG4cWnXh-qH7iNEqbzcG1D2eviolDP9P7uAWFeNQE44p7fIVcm2tuQWCGXwue36JW5C3ojdQauPLSLXSL_4ictkCl6MKLhEUXv0NGppQYtnU9dFYc00ZAHujIfLoYnA.Uwv6vbltiHFNca3Izrggfl7NO7PcGaOoKnU3EwqzGSI%26dib_tag%3Dse%26keywords%3Dsoft%2Btoys%26qid%3D1747344316%26sr%3D8-196-spons%26sp_csd%3Dd2lkZ2V0TmFtZT1zcF9hdGZfbmV4dA%26psc%3D1,False
"Storescent Rabbit with Chain Reversible Bunny Rabbit Soft Stuffed Toys for Girls Boys Baby Kids | Doll, Teddy Bear plushies, Animal Toy | Strawberry/Carrot Shaped Pink Colour | Gift Item for Kids 30CM",storescent,4.1,1539.0,347.0,https://m.media-amazon.com/images/I/41JUqPc8EuL._SX450_.jpg,https://www.amazon.in/sspa/click?ie=UTF8&spc=MTo4NzM5NDAyNDY3OTg1MDg1OjE3NDczNDQzMTY6c3BfbXRmOjMwMDQ3NzAzMDc4MzIzMjo6MDo6&url=%2FStorescent-Reversible-Carrot-Strawberry-Bunny%2Fdp%2FB0C778CGX4%2Fref%3Dsr_1_213_sspa%3Fdib%3DeyJ2IjoiMSJ9.JuJJDMFlpMn3KJKrjS5b3lVZdOvp8syS-xg7TbCjFyLRNhPfjSky13tEMi85Y3AGvo5YYp0ZrKqx-LcdBHOXws9nyB9GAO0AA5OA0Q80wyayaDnQ0Ap1vXHR0KtIffjXcmdCtno1CF5df8QlXe2zQSgr2nukgdMsFHqOsnrF4hiSpG4cWnXh-qH7iNEqbzcG1D2eviolDP9P7uAWFeNQE44p7fIVcm2tuQWCGXwue36JW5C3ojdQauPLSLXSL_4ictkCl6MKLhEUXv0NGppQYtnU9dFYc00ZAHujIfLoYnA.Uwv6vbltiHFNca3Izrggfl7NO7PcGaOoKnU3EwqzGSI%26dib_tag%3Dse%26keywords%3Dsoft%2Btoys%26qid%3D1747344316%26sr%3D8-213-spons%26sp_csd%3Dd2lkZ2V0TmFtZT1zcF9tdGY%26psc%3D1,True
4AJ BAZAAR Sheep Soft Toy (Multicolour),4aj bazaar,,,399.0,https://m.media-amazon.com/images/I/31MDrg-L86L._SX450_.jpg,https://www.amazon.in/sspa/click?ie=UTF8&spc=MTo4NzM5NDAyNDY3OTg1MDg1OjE3NDczNDQzMTY6c3BfbXRmOjMwMDU1MzAzOTAyNzkzMjo6MDo6&url=%2F4AJ-BAZAAR-Sheep-Soft-Multicolour%2Fdp%2FB0CTN1DYJT%2Fref%3Dsr_1_216_sspa%3Fdib%3DeyJ2IjoiMSJ9.JuJJDMFlpMn3KJKrjS5b3lVZdOvp8syS-xg7TbCjFyLRNhPfjSky13tEMi85Y3AGvo5YYp0ZrKqx-LcdBHOXws9nyB9GAO0AA5OA0Q80wyayaDnQ0Ap1vXHR0KtIffjXcmdCtno1CF5df8QlXe2zQSgr2nukgdMsFHqOsnrF4hiSpG4cWnXh-qH7iNEqbzcG1D2eviolDP9P7uAWFeNQE44p7fIVcm2tuQWCGXwue36JW5C3ojdQauPLSLXSL_4ictkCl6MKLhEUXv0NGppQYtnU9dFYc00ZAHujIfLoYnA.Uwv6vbltiHFNca3Izrggfl7NO7PcGaOoKnU3EwqzGSI%26dib_tag%3Dse%26keywords%3Dsoft%2Btoys%26qid%3D1747344316%26sr%3D8-216-spons%26sp_csd%3Dd2lkZ2V0TmFtZT1zcF9tdGY%26psc%3D1,False
"Fuzzbuzz Adorable Sitting Dog – Soft & Cuddly Plush Toy for Babies & Kids, 0M+",fuzzbuzz,,,2124.0,https://m.media-amazon.com/images/I/61fDQHaZqqL._SY450_.jpg,https://www.amazon.in/sspa/click?ie=UTF8&spc=MTo4NzM5NDAyNDY3OTg1MDg1OjE3NDczNDQzMTY6c3BfYnRmOjMwMDU1NzM4OTAxMTAzMjo6MDo6&url=%2FFuzzbuzz-Adorable-Sitting-Dog-Cuddly%2Fdp%2FB0DPQYRQTR%2Fref%3Dsr_1_249_sspa%3Fdib%3DeyJ2IjoiMSJ9.JuJJDMFlpMn3KJKrjS5b3lVZdOvp8syS-xg7TbCjFyLRNhPfjSky13tEMi85Y3AGvo5YYp0ZrKqx-LcdBHOXws9nyB9GAO0AA5OA0Q80wyayaDnQ0Ap1vXHR0KtIffjXcmdCtno1CF5df8QlXe2zQSgr2nukgdMsFHqOsnrF4hiSpG4cWnXh-qH7iNEqbzcG1D2eviolDP9P7uAWFeNQE44p7fIVcm2tuQWCGXwue36JW5C3ojdQauPLSLXSL_4ictkCl6MKLhEUXv0NGppQYtnU9dFYc00ZAHujIfLoYnA.Uwv6vbltiHFNca3Izrggfl7NO7PcGaOoKnU3EwqzGSI%26dib_tag%3Dse%26keywords%3Dsoft%2Btoys%26qid%3D1747344316%26sr%3D8-249-spons%26sp_csd%3Dd2lkZ2V0TmFtZT1zcF9idGY%26psc%3D1,False
Soft Buddies Sitting Panda 20 cm,soft buddies,4.8,6.0,664.0,https://m.media-amazon.com/images/I/71sefzSwapL._SX450_.jpg,https://www.amazon.in/sspa/click?ie=UTF8&spc=MTo4NzM5NDAyNDY3OTg1MDg1OjE3NDczNDQzMTY6c3BfYnRmOjMwMDU1NzU0MTczMjIzMjo6MDo6&url=%2FSoft-Buddies-Sitting-Panda%25C3%2582-20-cm%2Fdp%2FB089G77B4V%2Fref%3Dsr_1_250_sspa%3Fdib%3DeyJ2IjoiMSJ9.JuJJDMFlpMn3KJKrjS5b3lVZdOvp8syS-xg7TbCjFyLRNhPfjSky13tEMi85Y3AGvo5YYp0ZrKqx-LcdBHOXws9nyB9GAO0AA5OA0Q80wyayaDnQ0Ap1vXHR0KtIffjXcmdCtno1CF5df8QlXe2zQSgr2nukgdMsFHqOsnrF4hiSpG4cWnXh-qH7iNEqbzcG1D2eviolDP9P7uAWFeNQE44p7fIVcm2tuQWCGXwue36JW5C3ojdQauPLSLXSL_4ictkCl6MKLhEUXv0NGppQYtnU9dFYc00ZAHujIfLoYnA.Uwv6vbltiHFNca3Izrggfl7NO7PcGaOoKnU3EwqzGSI%26dib_tag%3Dse%26keywords%3Dsoft%2Btoys%26qid%3D1747344316%26sr%3D8-250-spons%26sp_csd%3Dd2lkZ2V0TmFtZT1zcF9idGY%26psc%3D1,True
"Krow Baby Plushies - 50 cm Blue Lovable Huggable Soft Toy, Big Size Plush Teddy Bear, Elegant Soft Plush Toy for Babies, Great Birthday Gift for Girls",krow,4.0,8.0,1198.0,https://m.media-amazon.com/images/I/61tmTIwEdnL._SY450_.jpg,https://www.amazon.in/sspa/click?ie=UTF8&spc=MTo4NzM5NDAyNDY3OTg1MDg1OjE3NDczNDQzMTY6c3BfYnRmOjMwMDQ0Mjk0MTEyNzEzMjo6MDo6&url=%2FKrow-Baby-Plushies-Huggable-Birthday%2Fdp%2FB0DPQN5R9N%2Fref%3Dsr_1_251_sspa%3Fdib%3DeyJ2IjoiMSJ9.JuJJDMFlpMn3KJKrjS5b3lVZdOvp8syS-xg7TbCjFyLRNhPfjSky13tEMi85Y3AGvo5YYp0ZrKqx-LcdBHOXws9nyB9GAO0AA5OA0Q80wyayaDnQ0Ap1vXHR0KtIffjXcmdCtno1CF5df8QlXe2zQSgr2nukgdMsFHqOsnrF4hiSpG4cWnXh-qH7iNEqbzcG1D2eviolDP9P7uAWFeNQE44p7fIVcm2tuQWCGXwue36JW5C3ojdQauPLSLXSL_4ictkCl6MKLhEUXv0NGppQYtnU9dFYc00ZAHujIfLoYnA.Uwv6vbltiHFNca3Izrggfl7NO7PcGaOoKnU3EwqzGSI%26dib_tag%3Dse%26keywords%3Dsoft%2Btoys%26qid%3D1747344316%26sr%3D8-251-spons%26sp_csd%3Dd2lkZ2V0TmFtZT1zcF9idGY%26psc%3D1,True
YIQELU Breathing Teddy Otter Glowing Music for Baby Sensory Sleep Lights Rhythmic Soft Toy Simulation Plush for Babies Kids Soothing Sound (Random Color),yiqelu,4.8,8.0,898.0,https://m.media-amazon.com/images/I/61ltepxRmJL._SY606_.jpg,https://www.amazon.in/sspa/click?ie=UTF8&spc=MTo4NzM5NDAyNDY3OTg1MDg1OjE3NDczNDQzMTY6c3BfYnRmOjMwMDQzNDIwODQwOTMzMjo6MDo6&url=%2FYIQELU-Breathing-Rhythmic-Simulation-Soothing%2Fdp%2FB0DNFTTMZH%2Fref%3Dsr_1_252_sspa%3Fdib%3DeyJ2IjoiMSJ9.JuJJDMFlpMn3KJKrjS5b3lVZdOvp8syS-xg7TbCjFyLRNhPfjSky13tEMi85Y3AGvo5YYp0ZrKqx-LcdBHOXws9nyB9GAO0AA5OA0Q80wyayaDnQ0Ap1vXHR0KtIffjXcmdCtno1CF5df8QlXe2zQSgr2nukgdMsFHqOsnrF4hiSpG4cWnXh-qH7iNEqbzcG1D2eviolDP9P7uAWFeNQE44p7fIVcm2tuQWCGXwue36JW5C3ojdQauPLSLXSL_4ictkCl6MKLhEUXv0NGppQYtnU9dFYc00ZAHujIfLoYnA.Uwv6vbltiHFNca3Izrggfl7NO7PcGaOoKnU3EwqzGSI%26dib_tag%3Dse%26keywords%3Dsoft%2Btoys%26qid%3D1747344316%26sr%3D8-252-spons%26sp_csd%3Dd2lkZ2V0TmFtZT1zcF9idGY%26psc%3D1,True
Meera Corgisaurus The Adorable Dino Plush - Perfect Birthday Surprise,generic,,,2499.0,https://m.media-amazon.com/images/I/51q2E4dhb2L._SY450_.jpg,https://www.amazon.in/sspa/click?ie=UTF8&spc=MTo2Mjg3MDQyODA5MDU1MDkxOjE3NDczNDQzODc6c3BfYXRmX25leHQ6MzAwMTUzODQyNDc4NTMyOjowOjo&url=%2FMeera-Corgisaurus-Adorable-Dino-Plush%2Fdp%2FB0CY8NNHHV%2Fref%3Dsr_1_241_sspa%3Fdib%3DeyJ2IjoiMSJ9.rZ41fDUW07QpB2GYaoU7gZn-JtBVHDkHQMu2Ycj4cxNBE5CcpcuM-ZpVAdrghYFCVgAy0Bd91Luda5N0-C7UmkEv9Nunpfn8bwjJfDg_rBamDmqkv7aqlx-uabZBvx6jAUB1pueesPfIm_NP8nBabZyMZtOossxAJDUF3UvbGo-QZDeOxsbXX_QThDyYy78fnto1tDt2SpOqicySygt9-NhcQ2V0NONOXocUcBazFFnMUG0va2opVBsK3VJ6KyalzXbe_CBxA19qDrGadmPNvzSxnH66N0vIGRZk0nlfKdg.i0JA9kHJb6-mHg1sS2rT-OlgMeY1xzUxKtY0va1zWC4%26dib_tag%3Dse%26keywords%3Dsoft%2Btoys%26qid%3D1747344387%26sr%3D8-241-spons%26sp_csd%3Dd2lkZ2V0TmFtZT1zcF9hdGZfbmV4dA%26psc%3D1,False
"VIH-AAN Plush Lion Stuffed Animal, Yellow and White, Soft Toy for Kids for Size 30 CM",generic,,,410.0,https://m.media-amazon.com/images/I/31ULTI8k5NL._SY450_.jpg,https://www.amazon.in/sspa/click?ie=UTF8&spc=MTo2Mjg3MDQyODA5MDU1MDkxOjE3NDczNDQzODc6c3BfYXRmX25leHQ6MzAwNTI3MDE5NjA5MzMyOjowOjo&url=%2FVIH-AAN-Plush-Stuffed-Animal-Yellow%2Fdp%2FB0F3D8MX1P%2Fref%3Dsr_1_243_sspa%3Fdib%3DeyJ2IjoiMSJ9.rZ41fDUW07QpB2GYaoU7gZn-JtBVHDkHQMu2Ycj4cxNBE5CcpcuM-ZpVAdrghYFCVgAy0Bd91Luda5N0-C7UmkEv9Nunpfn8bwjJfDg_rBamDmqkv7aqlx-uabZBvx6jAUB1pueesPfIm_NP8nBabZyMZtOossxAJDUF3UvbGo-QZDeOxsbXX_QThDyYy78fnto1tDt2SpOqicySygt9-NhcQ2V0NONOXocUcBazFFnMUG0va2opVBsK3VJ6KyalzXbe_CBxA19qDrGadmPNvzSxnH66N0vIGRZk0nlfKdg.i0JA9kHJb6-mHg1sS2rT-OlgMeY1xzUxKtY0va1zWC4%26dib_tag%3Dse%26keywords%3Dsoft%2Btoys%26qid%3D1747344387%26sr%3D8-243-spons%26sp_csd%3Dd2lkZ2V0TmFtZT1zcF9hdGZfbmV4dA%26psc%3D1,False
Storescent Soft Toys for Kids - Stuffed Animal Plush Soft Toy for Boys & Girls | Strawberry Bear 45cm,storescent,4.1,1539.0,919.0,https://m.media-amazon.com/images/I/71wKkkeKfpL._SX466_.jpg,https://www.amazon.in/sspa/click?ie=UTF8&spc=MTo2Mjg3MDQyODA5MDU1MDkxOjE3NDczNDQzODc6c3BfYXRmX25leHQ6MzAwNDc4OTE3MTI4MDMyOjowOjo&url=%2FStorescent-Soft-Toys-Kids-Strawberry%2Fdp%2FB0DF82YC95%2Fref%3Dsr_1_244_sspa%3Fdib%3DeyJ2IjoiMSJ9.rZ41fDUW07QpB2GYaoU7gZn-JtBVHDkHQMu2Ycj4cxNBE5CcpcuM-ZpVAdrghYFCVgAy0Bd91Luda5N0-C7UmkEv9Nunpfn8bwjJfDg_rBamDmqkv7aqlx-uabZBvx6jAUB1pueesPfIm_NP8nBabZyMZtOossxAJDUF3UvbGo-QZDeOxsbXX_QThDyYy78fnto1tDt2SpOqicySygt9-NhcQ2V0NONOXocUcBazFFnMUG0va2opVBsK3VJ6KyalzXbe_CBxA19qDrGadmPNvzSxnH66N0vIGRZk0nlfKdg.i0JA9kHJb6-mHg1sS2rT-OlgMeY1xzUxKtY0va1zWC4%26dib_tag%3Dse%26keywords%3Dsoft%2Btoys%26qid%3D1747344387%26sr%3D8-244-spons%26sp_csd%3Dd2lkZ2V0TmFtZT1zcF9hdGZfbmV4dA%26psc%3D1,True
HappyBuddy Talking Plush Toy Lenny The Lion | Soft Toy for Kids 1-5 Years Age,happybuddy,,,999.0,https://m.media-amazon.com/images/I/612RyncKUIL._SY450_.jpg,https://www.amazon.in/sspa/click?ie=UTF8&spc=MTo2Mjg3MDQyODA5MDU1MDkxOjE3NDczNDQzODc6c3BfbXRmOjMwMDU1NTIxMDcxMDMzMjo6MDo6&url=%2FHappyBuddy-Talking-Plush-Toy-Lion%2Fdp%2FB0F4NGGGDQ%2Fref%3Dsr_1_261_sspa%3Fdib%3DeyJ2IjoiMSJ9.rZ41fDUW07QpB2GYaoU7gZn-JtBVHDkHQMu2Ycj4cxNBE5CcpcuM-ZpVAdrghYFCVgAy0Bd91Luda5N0-C7UmkEv9Nunpfn8bwjJfDg_rBamDmqkv7aqlx-uabZBvx6jAUB1pueesPfIm_NP8nBabZyMZtOossxAJDUF3UvbGo-QZDeOxsbXX_QThDyYy78fnto1tDt2SpOqicySygt9-NhcQ2V0NONOXocUcBazFFnMUG0va2opVBsK3VJ6KyalzXbe_CBxA19qDrGadmPNvzSxnH66N0vIGRZk0nlfKdg.i0JA9kHJb6-mHg1sS2rT-OlgMeY1xzUxKtY0va1zWC4%26dib_tag%3Dse%26keywords%3Dsoft%2Btoys%26qid%3D1747344387%26sr%3D8-261-spons%26sp_csd%3Dd2lkZ2V0TmFtZT1zcF9tdGY%26psc%3D1,False
"CLICK4DEAL Soft Long Huggable Cute Giant Life Animal Toy - Size 32cm (Unicorn, Blue)",click4deal,4.1,519.0,299.0,https://m.media-amazon.com/images/I/41IWDlKjHWL._SY450_.jpg,https://www.amazon.in/sspa/click?ie=UTF8&spc=MTo2Mjg3MDQyODA5MDU1MDkxOjE3NDczNDQzODc6c3BfbXRmOjMwMDU2MDIxODE2NzYzMjo6MDo6&url=%2FCLICK4DEAL-Lovable-hugable-Animal-Unicorn%2Fdp%2FB097K56FD9%2Fref%3Dsr_1_262_sspa%3Fdib%3DeyJ2IjoiMSJ9.rZ41fDUW07QpB2GYaoU7gZn-JtBVHDkHQMu2Ycj4cxNBE5CcpcuM-ZpVAdrghYFCVgAy0Bd91Luda5N0-C7UmkEv9Nunpfn8bwjJfDg_rBamDmqkv7aqlx-uabZBvx6jAUB1pueesPfIm_NP8nBabZyMZtOossxAJDUF3UvbGo-QZDeOxsbXX_QThDyYy78fnto1tDt2SpOqicySygt9-NhcQ2V0NONOXocUcBazFFnMUG0va2opVBsK3VJ6KyalzXbe_CBxA19qDrGadmPNvzSxnH66N0vIGRZk0nlfKdg.i0JA9kHJb6-mHg1sS2rT-OlgMeY1xzUxKtY0va1zWC4%26dib_tag%3Dse%26keywords%3Dsoft%2Btoys%26qid%3D1747344387%26sr%3D8-262-spons%26sp_csd%3Dd2lkZ2V0TmFtZT1zcF9tdGY%26psc%3D1,True
"Fuzzbuzz Reversible Pineapple Bunny Yellow, 32cm, 3Y+",fuzzbuzz,,,854.0,https://m.media-amazon.com/images/I/71q+YAKamHL._SY450_.jpg,https://www.amazon.in/sspa/click?ie=UTF8&spc=MTo2Mjg3MDQyODA5MDU1MDkxOjE3NDczNDQzODc6c3BfbXRmOjMwMDU1NzU0MTczNDIzMjo6MDo6&url=%2FFuzzbuzz-Reversible-Pineapple-Bunny-Yellow%2Fdp%2FB0F29LTF4Y%2Fref%3Dsr_1_263_sspa%3Fdib%3DeyJ2IjoiMSJ9.rZ41fDUW07QpB2GYaoU7gZn-JtBVHDkHQMu2Ycj4cxNBE5CcpcuM-ZpVAdrghYFCVgAy0Bd91Luda5N0-C7UmkEv9Nunpfn8bwjJfDg_rBamDmqkv7aqlx-uabZBvx6jAUB1pueesPfIm_NP8nBabZyMZtOossxAJDUF3UvbGo-QZDeOxsbXX_QThDyYy78fnto1tDt2SpOqicySygt9-NhcQ2V0NONOXocUcBazFFnMUG0va2opVBsK3VJ6KyalzXbe_CBxA19qDrGadmPNvzSxnH66N0vIGRZk0nlfKdg.i0JA9kHJb6-mHg1sS2rT-OlgMeY1xzUxKtY0va1zWC4%26dib_tag%3Dse%26keywords%3Dsoft%2Btoys%26qid%3D1747344387%26sr%3D8-263-spons%26sp_csd%3Dd2lkZ2V0TmFtZT1zcF9tdGY%26psc%3D1,False
"aurbo Mantra Chanting Baby Lakshmi & Ganesha (Pack of 2, 35 CM) | Musical Soft Plush Toys | Best Gifts for Infants, Toddlers & Babies",aurbo,,,1799.0,https://m.media-amazon.com/images/I/81yUf7okxjL._SY450_.jpg,https://www.amazon.in/sspa/click?ie=UTF8&spc=MTo2Mjg3MDQyODA5MDU1MDkxOjE3NDczNDQzODc6c3BfbXRmOjMwMDU0Nzg4ODg4NzUzMjo6MDo6&url=%2Faurbo-Chanting-Lakshmi-Ganesha-Toddlers%2Fdp%2FB0DNKCJ1C1%2Fref%3Dsr_1_264_sspa%3Fdib%3DeyJ2IjoiMSJ9.rZ41fDUW07QpB2GYaoU7gZn-JtBVHDkHQMu2Ycj4cxNBE5CcpcuM-ZpVAdrghYFCVgAy0Bd91Luda5N0-C7UmkEv9Nunpfn8bwjJfDg_rBamDmqkv7aqlx-uabZBvx6jAUB1pueesPfIm_NP8nBabZyMZtOossxAJDUF3UvbGo-QZDeOxsbXX_QThDyYy78fnto1tDt2SpOqicySygt9-NhcQ2V0NONOXocUcBazFFnMUG0va2opVBsK3VJ6KyalzXbe_CBxA19qDrGadmPNvzSxnH66N0vIGRZk0nlfKdg.i0JA9kHJb6-mHg1sS2rT-OlgMeY1xzUxKtY0va1zWC4%26dib_tag%3Dse%26keywords%3Dsoft%2Btoys%26qid%3D1747344387%26sr%3D8-264-spons%26sp_csd%3Dd2lkZ2V0TmFtZT1zcF9tdGY%26psc%3D1,False
"Rowan Hopper Jumping Rabbit Soft & Cuddly, Easy on Hands, Enhance Hand-Eye co-Ordination, Ideal for Toddlers & Kids",rowan,3.6,7.0,806.0,https://m.media-amazon.com/images/I/41bjKAs7tgL._SY450_.jpg,https://www.amazon.in/sspa/click?ie=UTF8&spc=MTo2Mjg3MDQyODA5MDU1MDkxOjE3NDczNDQzODc6c3BfYnRmOjMwMDUxMjk0ODgyNTAzMjo6MDo6&url=%2FRowan-Jumping-Hand-Eye-co-Ordination-Toddlers%2Fdp%2FB0BXLRR81Y%2Fref%3Dsr_1_297_sspa%3Fdib%3DeyJ2IjoiMSJ9.rZ41fDUW07QpB2GYaoU7gZn-JtBVHDkHQMu2Ycj4cxNBE5CcpcuM-ZpVAdrghYFCVgAy0Bd91Luda5N0-C7UmkEv9Nunpfn8bwjJfDg_rBamDmqkv7aqlx-uabZBvx6jAUB1pueesPfIm_NP8nBabZyMZtOossxAJDUF3UvbGo-QZDeOxsbXX_QThDyYy78fnto1tDt2SpOqicySygt9-NhcQ2V0NONOXocUcBazFFnMUG0va2opVBsK3VJ6KyalzXbe_CBxA19qDrGadmPNvzSxnH66N0vIGRZk0nlfKdg.i0JA9kHJb6-mHg1sS2rT-OlgMeY1xzUxKtY0va1zWC4%26dib_tag%3Dse%26keywords%3Dsoft%2Btoys%26qid%3D1747344387%26sr%3D8-297-spons%26sp_csd%3Dd2lkZ2V0TmFtZT1zcF9idGY%26psc%3D1,True
"ADDY TOYS Locket Panda Teddy Bear 45cm – Soft Toy for Baby Girl & Boy, Kids, Girlfriend – Cute Huggable Stuffed Animal Plushie – Cotton Plush Toy Birthday Gift for Children, Newborns & Romantic Gift",addy toys,3.5,14.0,649.0,https://m.media-amazon.com/images/I/51mWsEPoQIL._SY450_.jpg,https://www.amazon.in/sspa/click?ie=UTF8&spc=MTo2Mjg3MDQyODA5MDU1MDkxOjE3NDczNDQzODc6c3BfYnRmOjMwMDU0Nzk1OTcwNTAzMjo6MDo6&url=%2FADDY-TOYS-Locket-Panda-Teddy%2Fdp%2FB0DT6LGYZ7%2Fref%3Dsr_1_298_sspa%3Fdib%3DeyJ2IjoiMSJ9.rZ41fDUW07QpB2GYaoU7gZn-JtBVHDkHQMu2Ycj4cxNBE5CcpcuM-ZpVAdrghYFCVgAy0Bd91Luda5N0-C7UmkEv9Nunpfn8bwjJfDg_rBamDmqkv7aqlx-uabZBvx6jAUB1pueesPfIm_NP8nBabZyMZtOossxAJDUF3UvbGo-QZDeOxsbXX_QThDyYy78fnto1tDt2SpOqicySygt9-NhcQ2V0NONOXocUcBazFFnMUG0va2opVBsK3VJ6KyalzXbe_CBxA19qDrGadmPNvzSxnH66N0vIGRZk0nlfKdg.i0JA9kHJb6-mHg1sS2rT-OlgMeY1xzUxKtY0va1zWC4%26dib_tag%3Dse%26keywords%3Dsoft%2Btoys%26qid%3D1747344387%26sr%3D8-298-spons%26sp_csd%3Dd2lkZ2V0TmFtZT1zcF9idGY%26psc%3D1,True
"aurbo Mantra Chanting Baby Krishna, Shiva & Ganesha (Pack of 3, 30 CM) | Musical Soft Plush Toys | Best Gifts for Infants, Toddlers & Babies",aurbo,,,2799.0,https://m.media-amazon.com/images/I/81kpY0a+YIL._SY450_.jpg,https://www.amazon.in/sspa/click?ie=UTF8&spc=MTo2Mjg3MDQyODA5MDU1MDkxOjE3NDczNDQzODc6c3BfYnRmOjMwMDU0Nzg4ODg4NzczMjo6MDo6&url=%2Faurbo-Chanting-Krishna-Ganesha-Toddlers%2Fdp%2FB0DNJYLFSW%2Fref%3Dsr_1_299_sspa%3Fdib%3DeyJ2IjoiMSJ9.rZ41fDUW07QpB2GYaoU7gZn-JtBVHDkHQMu2Ycj4cxNBE5CcpcuM-ZpVAdrghYFCVgAy0Bd91Luda5N0-C7UmkEv9Nunpfn8bwjJfDg_rBamDmqkv7aqlx-uabZBvx6jAUB1pueesPfIm_NP8nBabZyMZtOossxAJDUF3UvbGo-QZDeOxsbXX_QThDyYy78fnto1tDt2SpOqicySygt9-NhcQ2V0NONOXocUcBazFFnMUG0va2opVBsK3VJ6KyalzXbe_CBxA19qDrGadmPNvzSxnH66N0vIGRZk0nlfKdg.i0JA9kHJb6-mHg1sS2rT-OlgMeY1xzUxKtY0va1zWC4%26dib_tag%3Dse%26keywords%3Dsoft%2Btoys%26qid%3D1747344387%26sr%3D8-299-spons%26sp_csd%3Dd2lkZ2V0TmFtZT1zcF9idGY%26psc%3D1,False
NOVARISA Bubu Dudu Soft Toys | Bubu Dudu Plush | Bubu Dudu Teddy | Bubu Dudu Products (Big 35 CM),novarisa,,,999.0,https://m.media-amazon.com/images/I/41YAGqVTDZL._SY450_.jpg,https://www.amazon.in/sspa/click?ie=UTF8&spc=MTo2Mjg3MDQyODA5MDU1MDkxOjE3NDczNDQzODc6c3BfYnRmOjMwMDU1NTM4MTg1MjkzMjo6MDo6&url=%2FNOVARISA-Bubu-Plush-Teddy-Products%2Fdp%2FB0DTYQR1KZ%2Fref%3Dsr_1_300_sspa%3Fdib%3DeyJ2IjoiMSJ9.rZ41fDUW07QpB2GYaoU7gZn-JtBVHDkHQMu2Ycj4cxNBE5CcpcuM-ZpVAdrghYFCVgAy0Bd91Luda5N0-C7UmkEv9Nunpfn8bwjJfDg_rBamDmqkv7aqlx-uabZBvx6jAUB1pueesPfIm_NP8nBabZyMZtOossxAJDUF3UvbGo-QZDeOxsbXX_QThDyYy78fnto1tDt2SpOqicySygt9-NhcQ2V0NONOXocUcBazFFnMUG0va2opVBsK3VJ6KyalzXbe_CBxA19qDrGadmPNvzSxnH66N0vIGRZk0nlfKdg.i0JA9kHJb6-mHg1sS2rT-OlgMeY1xzUxKtY0va1zWC4%26dib_tag%3Dse%26keywords%3Dsoft%2Btoys%26qid%3D1747344387%26sr%3D8-300-spons%26sp_csd%3Dd2lkZ2V0TmFtZT1zcF9idGY%26psc%3D1,False
Meera Rosy The Red Panda Your Fluffy Friend for Cuddles and Comfort Perfect Birthday Surprise,generic,,,3499.0,https://m.media-amazon.com/images/I/51pWaameHNL._SY450_.jpg,https://www.amazon.in/sspa/click?ie=UTF8&spc=MTo3MTgzNDcwODMwMDc1MDQ6MTc0NzM0NDQ1OTpzcF9hdGZfbmV4dDozMDAxNTM4NDI0ODAwMzI6OjA6Og&url=%2FCuddles-Comfort-Perfect-Birthday-Surprise%2Fdp%2FB0CY8NGBP8%2Fref%3Dsr_1_289_sspa%3Fdib%3DeyJ2IjoiMSJ9.RU8S8NfHn7vnCONhvpsqLCvkZY_IV9B6TQllKnmciK6rBRkOH0LYzJgesN5nBOPzUjwMO34AtEpCVXlPv0pdBb_s5rMdv8tbqGSLPYSiWQm0zgpH0V2O4vyUvexmPZqUSmac8iPulCcWpPGvUXKlquXAO7A853ZQE9ENE4Mo1oJrAJFWSghxt_NvUUA67T5gRKwhpMlVxEr_J4X6jvlF3zhcP3jXJKlpNEagZDsCyZKnrvyd_qSbEqojsqzmIvHA3Or-jpkb_yaf1pSjbiq7jA.QtW02syA6JdAhwwZKdYAIvqwQRSXcJwZNGdbKTn1JII%26dib_tag%3Dse%26keywords%3Dsoft%2Btoys%26qid%3D1747344459%26sr%3D8-289-spons%26sp_csd%3Dd2lkZ2V0TmFtZT1zcF9hdGZfbmV4dA%26psc%3D1,False
HappyBuddy Talking Plush Toy Dottie The Deer | Soft Toy for Kids 1-5 Years Age,happybuddy,,,999.0,https://m.media-amazon.com/images/I/61TUInLnqIL._SY450_.jpg,https://www.amazon.in/sspa/click?ie=UTF8&spc=MTo3MTgzNDcwODMwMDc1MDQ6MTc0NzM0NDQ1OTpzcF9hdGZfbmV4dDozMDA1NTUyMTA3MTAyMzI6OjA6Og&url=%2FHappyBuddy-Talking-Plush-Toy-Deer%2Fdp%2FB0F4NGHPX7%2Fref%3Dsr_1_291_sspa%3Fdib%3DeyJ2IjoiMSJ9.RU8S8NfHn7vnCONhvpsqLCvkZY_IV9B6TQllKnmciK6rBRkOH0LYzJgesN5nBOPzUjwMO34AtEpCVXlPv0pdBb_s5rMdv8tbqGSLPYSiWQm0zgpH0V2O4vyUvexmPZqUSmac8iPulCcWpPGvUXKlquXAO7A853ZQE9ENE4Mo1oJrAJFWSghxt_NvUUA67T5gRKwhpMlVxEr_J4X6jvlF3zhcP3jXJKlpNEagZDsCyZKnrvyd_qSbEqojsqzmIvHA3Or-jpkb_yaf1pSjbiq7jA.QtW02syA6JdAhwwZKdYAIvqwQRSXcJwZNGdbKTn1JII%26dib_tag%3Dse%26keywords%3Dsoft%2Btoys%26qid%3D1747344459%26sr%3D8-291-spons%26sp_csd%3Dd2lkZ2V0TmFtZT1zcF9hdGZfbmV4dA%26psc%3D1,False
"LOVEY DOVEY Super masha and The Bear Plush Bag (52 cm)- Brown Color,Pack of 1",lovey dovey,3.5,502.0,599.0,https://m.media-amazon.com/images/I/61h+xQIh71L._SY450_.jpg,https://www.amazon.in/sspa/click?ie=UTF8&spc=MTo3MTgzNDcwODMwMDc1MDQ6MTc0NzM0NDQ1OTpzcF9hdGZfbmV4dDozMDA1NjAxMzEwNjE1MzI6OjA6Og&url=%2FLOVEY-DOVEY-Super-masha-Plush%2Fdp%2FB09NC3FTRQ%2Fref%3Dsr_1_292_sspa%3Fdib%3DeyJ2IjoiMSJ9.RU8S8NfHn7vnCONhvpsqLCvkZY_IV9B6TQllKnmciK6rBRkOH0LYzJgesN5nBOPzUjwMO34AtEpCVXlPv0pdBb_s5rMdv8tbqGSLPYSiWQm0zgpH0V2O4vyUvexmPZqUSmac8iPulCcWpPGvUXKlquXAO7A853ZQE9ENE4Mo1oJrAJFWSghxt_NvUUA67T5gRKwhpMlVxEr_J4X6jvlF3zhcP3jXJKlpNEagZDsCyZKnrvyd_qSbEqojsqzmIvHA3Or-jpkb_yaf1pSjbiq7jA.QtW02syA6JdAhwwZKdYAIvqwQRSXcJwZNGdbKTn1JII%26dib_tag%3Dse%26keywords%3Dsoft%2Btoys%26qid%3D1747344459%26sr%3D8-292-spons%26sp_csd%3Dd2lkZ2V0TmFtZT1zcF9hdGZfbmV4dA%26psc%3D1,True
LOVEY DOVEY 30 Cm Peacock Bird Soft Stuffed Plush Toy for Kids Huggable and Loveable Birthday Gift for Boys & Girls Super Soft Fabric and Fiber Filling (Blue),lovey dovey,4.1,23.0,399.0,https://m.media-amazon.com/images/I/71PVWYzOzRL._SY450_.jpg,https://www.amazon.in/sspa/click?ie=UTF8&spc=MTo3MTgzNDcwODMwMDc1MDQ6MTc0NzM0NDQ1OTpzcF9tdGY6MzAwNTYwMTAzMTU2NzMyOjowOjo&url=%2FLOVEY-DOVEY-Huggable-Loveable-Birthday%2Fdp%2FB0DL34TVYM%2Fref%3Dsr_1_309_sspa%3Fdib%3DeyJ2IjoiMSJ9.RU8S8NfHn7vnCONhvpsqLCvkZY_IV9B6TQllKnmciK6rBRkOH0LYzJgesN5nBOPzUjwMO34AtEpCVXlPv0pdBb_s5rMdv8tbqGSLPYSiWQm0zgpH0V2O4vyUvexmPZqUSmac8iPulCcWpPGvUXKlquXAO7A853ZQE9ENE4Mo1oJrAJFWSghxt_NvUUA67T5gRKwhpMlVxEr_J4X6jvlF3zhcP3jXJKlpNEagZDsCyZKnrvyd_qSbEqojsqzmIvHA3Or-jpkb_yaf1pSjbiq7jA.QtW02syA6JdAhwwZKdYAIvqwQRSXcJwZNGdbKTn1JII%26dib_tag%3Dse%26keywords%3Dsoft%2Btoys%26qid%3D1747344459%26sr%3D8-309-spons%26sp_csd%3Dd2lkZ2V0TmFtZT1zcF9tdGY%26psc%3D1,True
"4AJ BAZAAR Soft Toy - Teddy, 60 cm",4aj bazaar,,,499.0,https://m.media-amazon.com/images/I/41acIYzCDAL.jpg,https://www.amazon.in/sspa/click?ie=UTF8&spc=MTo3MTgzNDcwODMwMDc1MDQ6MTc0NzM0NDQ1OTpzcF9tdGY6MzAwNTUzMDM5MDI3MjMyOjowOjo&url=%2F4AJ-BAZAAR-Soft-Toy-Spiderman%2Fdp%2FB0CTMXGT59%2Fref%3Dsr_1_310_sspa%3Fdib%3DeyJ2IjoiMSJ9.RU8S8NfHn7vnCONhvpsqLCvkZY_IV9B6TQllKnmciK6rBRkOH0LYzJgesN5nBOPzUjwMO34AtEpCVXlPv0pdBb_s5rMdv8tbqGSLPYSiWQm0zgpH0V2O4vyUvexmPZqUSmac8iPulCcWpPGvUXKlquXAO7A853ZQE9ENE4Mo1oJrAJFWSghxt_NvUUA67T5gRKwhpMlVxEr_J4X6jvlF3zhcP3jXJKlpNEagZDsCyZKnrvyd_qSbEqojsqzmIvHA3Or-jpkb_yaf1pSjbiq7jA.QtW02syA6JdAhwwZKdYAIvqwQRSXcJwZNGdbKTn1JII%26dib_tag%3Dse%26keywords%3Dsoft%2Btoys%26qid%3D1747344459%26sr%3D8-310-spons%26sp_csd%3Dd2lkZ2V0TmFtZT1zcF9tdGY%26psc%3D1,False
"WILD REPUBLIC Living Earth Cuddlekins Large Lion, Stuffed Animal, 15 Inches, Plush Toy, Fill is Spun Recycled Water Bottles",wild republic,4.5,5.0,1497.0,https://m.media-amazon.com/images/I/71bCqmx70OL._SX450_.jpg,https://www.amazon.in/sspa/click?ie=UTF8&spc=MTo3MTgzNDcwODMwMDc1MDQ6MTc0NzM0NDQ1OTpzcF9tdGY6MzAwNTUzMzU0OTMyNDMyOjowOjo&url=%2FWild-Republic-Cuddlekins-Stuffed-Recycled%2Fdp%2FB0CXYHYZBC%2Fref%3Dsr_1_312_sspa%3Fdib%3DeyJ2IjoiMSJ9.RU8S8NfHn7vnCONhvpsqLCvkZY_IV9B6TQllKnmciK6rBRkOH0LYzJgesN5nBOPzUjwMO34AtEpCVXlPv0pdBb_s5rMdv8tbqGSLPYSiWQm0zgpH0V2O4vyUvexmPZqUSmac8iPulCcWpPGvUXKlquXAO7A853ZQE9ENE4Mo1oJrAJFWSghxt_NvUUA67T5gRKwhpMlVxEr_J4X6jvlF3zhcP3jXJKlpNEagZDsCyZKnrvyd_qSbEqojsqzmIvHA3Or-jpkb_yaf1pSjbiq7jA.QtW02syA6JdAhwwZKdYAIvqwQRSXcJwZNGdbKTn1JII%26dib_tag%3Dse%26keywords%3Dsoft%2Btoys%26qid%3D1747344459%26sr%3D8-312-spons%26sp_csd%3Dd2lkZ2V0TmFtZT1zcF9tdGY%26psc%3D1,True
"ADDY TOYS Soft Toy Cat – Stuffed Animal Gift for Kids & Adults | Cute Huggable Plush Toy Super-Soft 35CM Open Eye Cat | Ideal for Birthday, Baby Girls Boys, Home Decor & Dashboard (Black)",addy toys,3.5,14.0,599.0,https://m.media-amazon.com/images/I/510+Q0sRxjL._SX450_.jpg,https://www.amazon.in/sspa/click?ie=UTF8&spc=MTo3MTgzNDcwODMwMDc1MDQ6MTc0NzM0NDQ1OTpzcF9idGY6MzAwNTQ3OTU5NzA0NzMyOjowOjo&url=%2FADDY-TOYS-Soft-Toy-Cat%2Fdp%2FB0DNXTNXFM%2Fref%3Dsr_1_315_sspa%3Fdib%3DeyJ2IjoiMSJ9.RU8S8NfHn7vnCONhvpsqLCvkZY_IV9B6TQllKnmciK6rBRkOH0LYzJgesN5nBOPzUjwMO34AtEpCVXlPv0pdBb_s5rMdv8tbqGSLPYSiWQm0zgpH0V2O4vyUvexmPZqUSmac8iPulCcWpPGvUXKlquXAO7A853ZQE9ENE4Mo1oJrAJFWSghxt_NvUUA67T5gRKwhpMlVxEr_J4X6jvlF3zhcP3jXJKlpNEagZDsCyZKnrvyd_qSbEqojsqzmIvHA3Or-jpkb_yaf1pSjbiq7jA.QtW02syA6JdAhwwZKdYAIvqwQRSXcJwZNGdbKTn1JII%26dib_tag%3Dse%26keywords%3Dsoft%2Btoys%26qid%3D1747344459%26sr%3D8-315-spons%26sp_csd%3Dd2lkZ2V0TmFtZT1zcF9idGY%26psc%3D1,True
"PPS TOYS Cute Soft Stuffed Long Ear Doll for Girls Gift Item, 40cm (Yellow)",pps toys,5.0,1.0,349.0,https://m.media-amazon.com/images/I/41n1axCuJvL._SX450_.jpg,https://www.amazon.in/sspa/click?ie=UTF8&spc=MTo3MTgzNDcwODMwMDc1MDQ6MTc0NzM0NDQ1OTpzcF9idGY6MzAwNTQzMDk2MDA5NDMyOjowOjo&url=%2FPPS-TOYS-Stuffed-Girls-Yellow%2Fdp%2FB0DZHK15WB%2Fref%3Dsr_1_316_sspa%3Fdib%3DeyJ2IjoiMSJ9.RU8S8NfHn7vnCONhvpsqLCvkZY_IV9B6TQllKnmciK6rBRkOH0LYzJgesN5nBOPzUjwMO34AtEpCVXlPv0pdBb_s5rMdv8tbqGSLPYSiWQm0zgpH0V2O4vyUvexmPZqUSmac8iPulCcWpPGvUXKlquXAO7A853ZQE9ENE4Mo1oJrAJFWSghxt_NvUUA67T5gRKwhpMlVxEr_J4X6jvlF3zhcP3jXJKlpNEagZDsCyZKnrvyd_qSbEqojsqzmIvHA3Or-jpkb_yaf1pSjbiq7jA.QtW02syA6JdAhwwZKdYAIvqwQRSXcJwZNGdbKTn1JII%26dib_tag%3Dse%26keywords%3Dsoft%2Btoys%26qid%3D1747344459%26sr%3D8-316-spons%26sp_csd%3Dd2lkZ2V0TmFtZT1zcF9idGY%26psc%3D1,True
PPS TOYS || Vultures Stuffed Toy | Soft Toys for Kids | Plush Soft Toys for Baby Boys and Girls| Best Gift - 42 cm,pps toys,,,1699.0,https://m.media-amazon.com/images/I/51Uv65YL+KL._SY606_.jpg,https://www.amazon.in/sspa/click?ie=UTF8&spc=MTo3MTgzNDcwODMwMDc1MDQ6MTc0NzM0NDQ1OTpzcF9idGY6MzAwNTQzMDMzNjAwMzMyOjowOjo&url=%2FPPS-TOYS-Vultures-Stuffed-Plush%2Fdp%2FB0DPN12RMT%2Fref%3Dsr_1_317_sspa%3Fdib%3DeyJ2IjoiMSJ9.RU8S8NfHn7vnCONhvpsqLCvkZY_IV9B6TQllKnmciK6rBRkOH0LYzJgesN5nBOPzUjwMO34AtEpCVXlPv0pdBb_s5rMdv8tbqGSLPYSiWQm0zgpH0V2O4vyUvexmPZqUSmac8iPulCcWpPGvUXKlquXAO7A853ZQE9ENE4Mo1oJrAJFWSghxt_NvUUA67T5gRKwhpMlVxEr_J4X6jvlF3zhcP3jXJKlpNEagZDsCyZKnrvyd_qSbEqojsqzmIvHA3Or-jpkb_yaf1pSjbiq7jA.QtW02syA6JdAhwwZKdYAIvqwQRSXcJwZNGdbKTn1JII%26dib_tag%3Dse%26keywords%3Dsoft%2Btoys%26qid%3D1747344459%26sr%3D8-317-spons%26sp_csd%3Dd2lkZ2V0TmFtZT1zcF9idGY%26psc%3D1,False
"PPS TOYS Soft Plush Pug Dog Toy for Kids, 40 cm, Brown and Beige",pps toys,,,499.0,https://m.media-amazon.com/images/I/4103fflx2qL._SY879_.jpg,https://www.amazon.in/sspa/click?ie=UTF8&spc=MTo3MTgzNDcwODMwMDc1MDQ6MTc0NzM0NDQ1OTpzcF9idGY6MzAwNTQzMDMzNjAwNjMyOjowOjo&url=%2FPPS-TOYS-Plush-Brown-Beige%2Fdp%2FB0DQKS2NG5%2Fref%3Dsr_1_318_sspa%3Fdib%3DeyJ2IjoiMSJ9.RU8S8NfHn7vnCONhvpsqLCvkZY_IV9B6TQllKnmciK6rBRkOH0LYzJgesN5nBOPzUjwMO34AtEpCVXlPv0pdBb_s5rMdv8tbqGSLPYSiWQm0zgpH0V2O4vyUvexmPZqUSmac8iPulCcWpPGvUXKlquXAO7A853ZQE9ENE4Mo1oJrAJFWSghxt_NvUUA67T5gRKwhpMlVxEr_J4X6jvlF3zhcP3jXJKlpNEagZDsCyZKnrvyd_qSbEqojsqzmIvHA3Or-jpkb_yaf1pSjbiq7jA.QtW02syA6JdAhwwZKdYAIvqwQRSXcJwZNGdbKTn1JII%26dib_tag%3Dse%26keywords%3Dsoft%2Btoys%26qid%3D1747344459%26sr%3D8-318-spons%26sp_csd%3Dd2lkZ2V0TmFtZT1zcF9idGY%26psc%3D1,False
